,D1A_FAIXAID,D2_SEXO,D3_ESCOLA,OCUPA,Q1,Q12P1_B,Q12P2_B,P18,Q502,Q405,D10,majoritarian
1,4,2,5,2,4,9,2,5,1,3,5,9
2,2,1,5,1,4,9,2,2,4,3,3,9
3,2,2,6,4,4,9,2,2,2,3,3,7
4,4,1,3,3,4,9,2,5,2,1,3,8
5,5,2,0,1,4,9,2,4,4,3,3,11
6,2,2,4,4,4,9,2,1,3,4,5,8
7,3,1,8,2,3,9,2,5,1,5,5,11
8,3,2,8,1,4,9,2,2,1,1,5,4
9,3,1,6,1,2,99,99,5,1,5,5,11
10,2,1,2,4,3,99,99,1,5,2,5,8
11,5,1,2,4,3,9,2,5,5,2,3,12
12,3,2,2,4,4,9,2,1,3,5,5,9
13,6,1,6,3,3,60,60,5,5,1,4,11
14,2,2,2,3,2,9,2,2,3,5,3,10
15,3,1,4,2,3,9,2,5,4,2,3,11
16,4,2,8,4,2,9,2,5,3,5,3,13
17,4,1,8,4,2,9,2,5,5,2,3,12
18,5,1,6,3,4,5,1,1,5,1,97,7
19,6,1,2,3,3,9,2,2,2,2,3,6
20,7,1,3,3,3,9,2,5,2,5,3,12
21,2,2,4,4,2,9,2,1,4,5,5,10
22,2,1,5,4,3,99,2,5,2,3,5,10
23,3,2,6,4,4,9,2,5,4,5,5,14
24,5,2,8,3,2,5,1,5,1,5,3,11
25,6,2,6,3,4,5,1,4,4,5,3,13
26,7,2,8,4,4,98,1,5,1,2,5,8
27,2,1,6,3,4,9,2,1,4,5,5,10
28,4,2,6,1,3,9,2,2,1,1,3,4
29,3,1,4,3,4,60,60,1,1,5,2,7
30,2,1,6,4,3,9,2,2,2,2,5,6
31,4,2,2,4,4,8,2,2,3,5,5,10
32,4,1,6,1,2,12,1,1,1,2,3,4
33,2,2,6,4,3,9,2,4,3,3,3,10
34,4,2,7,2,3,9,2,2,5,1,3,8
35,2,1,6,4,4,5,1,4,1,5,3,10
36,7,2,1,4,4,5,1,5,5,3,5,13
37,5,1,4,3,3,9,2,5,4,1,3,10
38,6,1,0,4,4,5,1,1,1,1,3,3
39,4,2,5,3,3,5,1,1,1,1,3,3
40,2,1,5,1,2,9,2,1,1,2,5,4
41,3,2,6,1,3,6,60,2,1,2,5,5
42,5,1,6,1,3,5,1,1,1,4,3,6
43,3,1,3,1,3,9,2,1,4,1,5,6
44,4,1,5,3,3,5,1,4,4,5,3,13
45,2,2,2,4,3,9,2,5,1,2,3,8
46,4,1,5,3,4,5,1,1,1,5,3,7
47,2,1,4,3,4,9,2,1,5,5,7,11
48,4,2,7,3,3,5,1,1,5,4,7,10
49,5,2,7,4,3,60,99,2,2,5,7,9
50,2,2,6,4,4,60,99,1,5,5,97,11
51,7,1,2,3,1,9,2,4,5,1,5,10
52,5,2,4,4,3,9,99,5,5,5,5,15
53,3,2,1,3,3,5,1,5,5,2,7,12
54,4,2,5,4,3,5,1,4,1,2,3,7
55,5,1,4,3,3,6,50,5,1,5,3,11
56,2,1,5,4,4,9,2,2,4,2,7,8
57,2,2,6,1,4,3,99,4,5,3,3,12
58,3,1,8,1,2,9,2,5,1,1,5,7
59,3,1,6,1,4,9,99,4,2,5,5,11
60,6,1,4,1,1,5,2,2,1,1,3,4
61,5,1,6,1,2,99,99,5,5,2,3,12
62,2,1,6,4,2,9,2,4,4,5,3,13
63,6,2,6,3,4,50,50,5,3,5,3,13
64,3,2,6,1,3,9,2,4,3,3,5,10
65,5,2,1,3,3,5,50,5,4,5,5,14
66,2,2,7,4,3,5,1,2,4,5,5,11
67,4,1,1,2,1,9,2,1,1,1,3,3
68,7,2,6,3,3,5,99,1,4,4,3,9
69,4,2,6,4,3,3,1,4,1,1,3,6
70,2,2,5,1,3,3,2,4,2,2,5,8
71,2,1,7,4,2,3,1,5,5,5,3,15
72,4,1,6,1,1,3,1,4,4,4,3,12
73,4,2,6,1,3,9,2,2,2,5,3,9
74,5,2,3,1,2,9,2,1,5,5,3,11
75,3,2,7,1,2,5,1,1,5,5,3,11
76,3,1,6,1,4,9,2,4,2,4,3,10
77,5,1,6,4,1,5,1,5,5,1,4,11
78,3,2,1,3,2,5,1,1,4,1,5,6
79,3,1,1,3,4,9,2,5,5,1,5,11
80,4,2,2,3,4,12,60,1,3,5,3,9
81,3,2,6,4,4,9,99,2,2,2,97,6
82,4,1,6,4,4,9,2,5,5,4,5,14
83,7,2,1,4,3,99,99,1,1,1,3,3
84,4,2,9,1,3,3,1,5,5,2,3,12
85,4,1,8,4,2,5,1,5,5,5,3,15
86,3,1,5,4,3,5,1,2,4,2,5,8
87,2,2,7,1,1,3,1,5,5,5,3,15
88,3,1,5,1,3,5,99,4,1,4,3,9
89,5,1,2,3,4,5,1,1,4,2,3,7
90,3,2,6,3,3,99,1,5,5,5,97,15
91,6,1,1,2,2,5,2,5,5,5,3,15
92,4,2,4,3,2,5,1,1,1,4,5,6
93,1,1,4,4,3,99,99,2,4,4,3,10
94,2,1,3,1,1,99,99,2,2,4,5,8
95,4,1,4,3,2,9,2,1,5,2,3,8
96,7,1,2,3,2,5,1,5,1,2,3,8
97,1,2,6,3,3,9,2,4,5,5,5,14
98,6,2,2,3,4,5,1,1,2,1,5,4
99,3,1,9,4,1,99,2,5,5,5,5,15
100,3,1,3,3,1,6,1,1,5,5,3,11
101,4,2,7,1,4,99,99,2,5,1,5,8
102,2,1,5,1,2,9,2,4,4,4,5,12
103,5,2,2,4,2,9,99,3,4,1,3,8
104,3,2,6,3,3,9,2,2,5,4,5,11
105,6,1,1,3,1,9,2,5,2,1,5,8
106,2,2,4,1,4,99,2,3,5,2,5,10
107,5,1,5,4,4,5,1,5,1,5,3,11
108,3,2,6,1,3,9,2,1,2,4,5,7
109,3,2,1,1,2,9,2,4,2,1,3,7
110,2,2,5,4,3,9,2,4,5,5,5,14
111,6,2,1,3,3,99,1,2,4,4,3,10
112,7,1,0,3,4,5,1,2,2,5,3,9
113,2,1,5,1,3,9,2,5,3,5,2,13
114,2,1,3,3,4,99,99,4,5,5,5,14
115,4,1,1,3,4,9,2,1,5,2,5,8
116,5,1,2,3,1,99,99,1,5,5,3,11
117,4,1,6,4,4,5,1,2,2,1,3,5
118,3,1,5,4,3,9,2,2,2,2,5,6
119,5,1,1,1,1,99,99,1,1,1,3,3
120,2,1,4,1,4,5,99,1,5,5,3,11
121,2,2,8,1,2,99,2,4,4,5,5,13
122,3,1,8,4,2,5,1,5,5,5,3,15
123,2,1,5,4,3,9,99,5,1,5,5,11
124,3,2,6,4,4,5,2,2,1,1,97,4
125,4,1,1,3,1,9,2,1,1,1,5,3
126,6,2,2,3,3,3,2,2,5,1,3,8
127,4,1,6,4,2,5,1,5,5,5,5,15
128,5,2,3,4,3,5,1,1,3,4,5,8
129,3,2,6,4,3,99,99,5,1,1,97,7
130,3,1,6,1,3,99,99,2,4,4,5,10
131,3,2,6,3,3,9,2,2,4,1,5,7
132,4,1,4,2,1,9,2,4,1,1,5,6
133,4,2,6,1,3,9,2,4,5,1,5,10
134,3,2,6,4,3,5,99,4,2,3,3,9
135,3,1,6,1,2,9,2,4,2,4,5,10
136,4,2,3,4,4,5,1,2,1,5,5,8
137,4,1,2,2,2,99,2,5,5,1,5,11
138,6,1,1,4,3,99,99,5,1,5,3,11
139,5,1,3,1,3,3,1,2,5,4,8,11
140,5,1,2,3,1,99,99,1,4,1,5,6
141,3,2,9,1,3,9,2,4,4,4,5,12
142,3,2,7,3,3,5,1,4,4,4,3,12
143,2,1,7,1,4,9,2,4,5,5,5,14
144,2,1,7,1,2,9,2,2,1,5,5,8
145,3,1,6,1,3,9,2,1,1,5,3,7
146,3,1,7,1,3,9,2,2,1,5,96,8
147,5,1,8,1,3,3,2,1,1,5,7,7
148,5,1,6,1,2,9,2,4,1,2,3,7
149,4,1,6,1,2,9,2,5,5,5,5,15
150,5,2,6,3,2,9,2,2,2,1,97,5
151,6,2,6,1,3,5,1,5,5,5,3,15
152,4,2,6,1,4,5,2,5,1,2,5,8
153,3,2,4,1,3,9,2,5,4,2,3,11
154,2,1,4,4,1,9,2,5,1,5,3,11
155,7,1,0,4,4,5,1,5,2,1,3,8
156,5,2,4,3,1,9,2,1,5,4,3,10
157,4,1,7,1,2,9,2,5,5,1,5,11
158,4,2,6,1,3,9,2,5,5,4,5,14
159,6,2,8,4,2,9,2,5,4,5,5,14
160,7,1,1,3,3,9,2,5,5,5,5,15
161,2,2,7,3,1,10,99,5,3,5,98,13
162,4,2,6,4,3,5,1,2,4,4,3,10
163,5,1,6,3,2,9,2,4,4,4,5,12
164,3,1,6,3,1,3,1,4,5,5,3,14
165,3,1,6,3,3,3,99,5,5,2,5,12
166,2,1,6,4,4,99,99,2,5,2,97,9
167,4,1,8,1,1,5,1,1,1,1,3,3
168,4,2,8,1,3,5,1,5,1,1,5,7
169,7,1,3,4,3,5,1,4,2,2,3,8
170,6,1,3,4,3,9,2,1,5,2,3,8
171,5,1,5,1,1,3,50,2,5,5,3,12
172,6,1,4,2,3,99,99,5,1,1,3,7
173,3,2,6,3,3,2,2,5,5,5,5,15
174,6,2,3,3,4,3,2,5,5,1,3,11
175,4,2,7,3,3,99,99,5,2,2,3,9
176,3,2,6,1,4,3,99,1,4,5,3,10
177,5,2,8,1,2,3,2,5,1,4,3,10
178,2,2,6,3,3,5,1,4,1,2,3,7
179,6,2,0,4,2,5,1,4,2,1,3,7
180,7,1,0,4,2,99,99,5,1,1,3,7
181,4,1,1,4,1,9,2,5,4,1,3,10
182,3,2,1,1,3,5,1,1,1,5,5,7
183,4,2,2,3,3,5,99,5,1,1,97,7
184,3,1,3,3,4,5,1,1,5,5,3,11
185,4,1,6,1,3,9,2,5,4,5,97,14
186,4,2,3,4,3,5,1,5,1,1,3,7
187,4,1,3,3,3,5,1,5,1,1,3,7
188,5,1,2,4,4,5,99,5,1,1,3,7
189,3,2,5,3,4,5,1,5,1,4,5,10
190,3,2,6,3,3,5,1,5,4,1,3,10
191,5,1,0,4,2,5,1,4,2,5,3,11
192,2,2,7,4,4,5,1,5,5,1,3,11
193,6,1,1,4,2,5,1,1,1,1,3,3
194,2,2,4,2,3,9,2,5,5,2,3,12
195,3,1,6,2,2,9,2,4,5,1,3,10
196,2,1,4,4,3,5,1,5,1,1,3,7
197,2,1,6,3,2,9,2,5,5,5,5,15
198,4,2,0,4,4,5,1,5,4,4,3,13
199,4,1,2,3,3,50,50,1,5,1,3,7
200,4,1,1,3,2,5,1,5,5,1,3,11
201,5,1,8,3,3,97,97,5,1,5,3,11
202,4,1,6,3,2,3,1,5,1,5,5,11
203,7,2,5,4,2,12,1,4,4,4,3,12
204,6,2,6,3,3,5,1,1,1,1,5,3
205,7,2,4,4,4,50,60,5,2,1,3,8
206,5,1,6,4,1,5,1,1,1,5,4,7
207,4,1,7,1,1,9,2,5,5,5,5,15
208,3,1,3,1,4,5,1,4,1,2,97,7
209,4,2,8,1,1,60,50,1,1,1,3,3
210,7,1,6,3,4,5,1,5,5,1,3,11
211,6,2,2,4,4,5,1,5,2,4,3,11
212,4,2,6,4,4,99,1,5,5,4,3,14
213,6,1,6,3,3,1,50,5,2,5,3,12
214,3,1,6,1,1,5,1,5,5,5,3,15
215,2,2,6,4,3,5,1,2,2,4,3,8
216,3,1,6,4,3,3,2,5,2,5,3,12
217,6,1,4,1,1,5,1,2,2,5,3,9
218,3,2,5,1,3,5,1,5,5,1,3,11
219,5,1,8,1,2,8,1,5,1,5,3,11
220,4,2,8,1,1,5,1,5,2,1,2,8
221,5,2,7,3,4,9,2,1,2,4,97,7
222,2,1,5,1,4,5,1,5,5,5,2,15
223,3,2,6,2,4,9,2,2,5,1,97,8
224,3,1,3,3,4,5,1,1,4,2,5,7
225,5,2,3,4,3,5,1,5,5,2,3,12
226,3,2,6,3,3,6,1,3,4,4,5,11
227,6,2,5,3,3,5,1,5,4,3,5,12
228,4,1,6,1,2,3,1,5,5,5,3,15
229,4,2,8,1,3,50,50,3,3,5,5,11
230,2,1,7,4,2,12,1,5,5,5,5,15
231,3,2,6,3,3,99,1,5,5,5,5,15
232,5,1,3,1,1,5,1,1,1,2,3,4
233,4,1,6,3,1,5,1,5,5,5,5,15
234,2,2,6,1,3,9,2,2,3,5,5,10
235,2,1,7,4,3,9,2,2,5,2,5,9
236,2,2,5,4,3,5,1,5,4,5,5,14
237,5,2,3,4,3,97,97,5,1,1,3,7
238,3,1,6,3,1,99,2,4,2,4,3,10
239,6,2,3,4,2,9,2,4,1,5,3,10
240,3,2,3,4,1,99,1,4,2,5,3,11
241,2,2,5,1,4,99,99,4,2,1,5,7
242,4,1,1,4,4,5,1,1,1,5,3,7
243,7,1,2,4,2,5,1,5,5,1,3,11
244,6,1,4,3,3,5,1,5,2,4,10,11
245,7,2,2,4,2,9,2,1,1,1,3,3
246,4,2,6,1,2,5,1,5,5,2,97,12
247,2,2,7,1,3,5,1,4,5,5,97,14
248,4,2,6,4,3,9,2,5,5,5,3,15
249,3,1,6,3,2,9,2,2,4,2,5,8
250,2,1,6,1,3,9,2,3,5,2,3,10
251,4,1,3,1,3,5,1,1,5,2,2,8
252,5,1,2,3,1,9,2,5,5,4,97,14
253,6,2,6,4,1,9,2,5,5,3,4,13
254,2,2,7,1,4,9,2,5,5,5,5,15
255,6,1,2,4,3,9,2,2,5,5,5,12
256,4,1,6,4,1,5,1,1,1,1,3,3
257,5,2,2,4,3,9,2,2,5,5,5,12
258,4,1,6,3,1,9,2,1,2,2,5,5
259,6,1,4,3,4,5,1,5,5,2,3,12
260,3,1,4,1,1,9,2,1,1,4,5,6
261,1,2,5,4,3,3,1,5,5,1,5,11
262,7,1,1,1,2,5,1,1,4,1,3,6
263,5,1,0,1,4,98,1,5,1,4,2,10
264,2,2,5,4,2,3,1,5,5,5,2,15
265,5,1,2,3,3,5,1,2,1,4,3,7
266,2,2,5,4,4,99,99,2,2,2,2,6
267,3,2,6,4,4,5,1,5,2,1,5,8
268,2,1,2,4,4,5,1,5,4,1,97,10
269,2,2,6,4,4,5,1,2,5,1,3,8
270,7,2,1,4,1,9,2,5,5,1,5,11
271,5,1,1,1,3,14,99,1,4,4,3,9
272,4,1,1,3,1,99,99,5,1,1,3,7
273,3,2,1,4,3,5,1,5,5,2,97,12
274,2,2,3,1,4,5,99,3,5,4,3,12
275,5,2,1,4,4,97,1,2,1,4,3,7
276,6,1,2,3,3,9,2,1,1,5,5,7
277,5,2,3,3,4,98,1,1,1,5,3,7
278,3,2,6,1,1,5,1,5,4,5,3,14
279,3,1,6,4,4,99,99,5,5,4,97,14
280,2,2,6,1,3,3,1,5,5,5,3,15
281,3,2,6,1,2,9,2,1,3,1,3,5
282,3,1,6,1,3,9,2,5,4,4,3,13
283,2,1,6,1,1,9,2,3,2,5,3,10
284,6,1,1,4,3,9,2,1,5,5,3,11
285,3,1,5,1,3,9,2,1,2,1,5,4
286,4,2,6,1,3,5,1,3,1,5,3,9
287,4,2,4,4,1,5,1,1,1,2,3,4
288,5,1,2,4,2,6,50,5,1,1,5,7
289,4,1,2,1,2,5,1,1,5,2,3,8
290,5,1,9,1,1,5,1,2,4,2,3,8
291,4,1,6,2,2,9,2,5,1,1,5,7
292,4,2,6,1,1,99,2,2,5,1,5,8
293,7,1,2,4,2,5,1,1,4,4,5,9
294,3,2,9,1,3,5,1,5,1,1,4,7
295,5,1,6,1,3,9,2,1,1,2,3,4
296,2,1,6,1,3,9,2,1,1,1,5,3
297,3,1,4,3,3,9,2,1,2,2,3,5
298,4,1,7,1,1,9,2,1,1,1,3,3
299,4,2,6,1,2,5,1,5,1,5,3,11
300,6,1,1,4,2,5,1,1,1,1,3,3
301,6,2,2,4,4,5,1,5,4,2,3,11
302,3,1,4,3,4,5,2,1,5,1,3,7
303,6,1,6,3,1,5,1,5,5,5,3,15
304,2,1,5,4,3,5,1,5,5,2,5,12
305,7,1,2,4,3,99,2,5,1,4,3,10
306,2,2,5,4,3,99,99,4,1,4,3,9
307,5,1,2,4,2,5,2,1,1,4,3,6
308,5,2,6,1,3,50,1,4,5,5,3,14
309,7,2,1,4,3,97,97,2,4,2,5,8
310,4,1,7,2,1,9,2,4,2,4,3,10
311,3,2,5,4,3,5,1,2,3,2,3,7
312,4,2,7,3,3,5,99,5,1,4,3,10
313,2,2,6,3,2,9,2,5,5,5,5,15
314,2,2,4,1,4,5,1,5,4,5,3,14
315,3,2,6,4,2,3,2,1,4,1,3,6
316,3,1,7,1,4,3,99,1,5,2,3,8
317,3,1,6,4,4,9,2,1,5,1,5,7
318,6,1,1,3,4,99,99,1,5,4,5,10
319,4,1,6,4,1,5,1,5,5,4,3,14
320,6,2,2,3,4,9,60,2,5,5,5,12
321,7,1,2,4,1,3,2,1,5,2,3,8
322,4,2,6,4,3,9,2,2,5,1,3,8
323,4,1,6,1,3,5,1,5,4,5,3,14
324,5,2,6,3,1,5,1,2,5,1,3,8
325,3,2,6,1,3,98,1,4,2,4,5,10
326,2,1,6,4,3,3,1,1,4,2,3,7
327,3,2,7,1,2,3,1,5,4,5,3,14
328,5,2,8,1,3,3,1,4,4,1,3,9
329,2,1,6,4,3,98,2,4,2,2,3,8
330,3,1,5,3,3,9,2,5,2,1,97,8
331,5,1,3,3,3,5,1,1,4,1,3,6
332,4,2,5,3,4,3,1,1,1,5,10,7
333,7,2,2,4,1,5,1,1,2,5,3,8
334,5,1,1,3,3,9,2,5,5,1,96,11
335,4,1,3,1,3,9,2,2,5,5,5,12
336,2,2,5,1,3,5,1,4,4,5,5,13
337,5,1,6,3,1,5,1,5,1,5,3,11
338,5,2,7,3,3,9,2,1,4,5,5,10
339,3,1,6,1,3,9,2,5,5,5,97,15
340,2,1,6,4,1,3,1,5,5,5,97,15
341,4,2,2,1,3,9,2,1,1,5,5,7
342,3,2,6,3,2,5,1,2,5,1,2,8
343,5,2,1,3,2,5,1,1,5,5,5,11
344,3,1,6,3,3,9,2,5,5,1,97,11
345,2,1,5,1,3,5,2,5,1,5,5,11
346,3,1,6,1,3,99,2,1,5,1,3,7
347,2,1,4,3,4,3,1,5,1,5,3,11
348,5,2,6,3,3,3,50,4,5,5,3,14
349,4,2,7,1,2,2,50,2,1,5,5,8
350,3,2,8,4,2,3,1,5,1,5,5,11
351,4,2,5,3,3,5,99,4,1,5,3,10
352,5,2,6,4,3,99,97,1,2,2,3,5
353,2,2,6,4,2,3,50,4,1,2,5,7
354,3,1,8,4,3,3,1,4,5,4,3,13
355,3,1,8,4,3,5,1,4,5,5,4,14
356,4,1,6,1,3,5,1,5,1,1,5,7
357,2,1,5,3,4,99,99,1,5,1,5,7
358,2,1,7,1,4,3,50,5,5,5,96,15
359,3,2,8,1,1,3,1,2,3,5,3,10
360,4,1,1,3,4,3,1,1,1,1,3,3
361,7,1,4,3,1,5,1,5,1,1,5,7
362,4,1,7,4,2,9,2,5,2,1,3,8
363,3,1,7,4,1,9,2,2,2,5,3,9
364,3,1,4,1,3,1,1,1,1,1,3,3
365,3,2,6,3,3,99,99,4,5,5,5,14
366,4,2,6,1,1,3,60,1,1,1,3,3
367,2,2,6,1,3,3,1,1,4,5,3,10
368,5,2,4,3,1,5,1,1,2,5,3,8
369,2,1,6,4,4,99,99,5,5,1,97,11
370,4,2,4,4,4,3,99,3,1,4,5,8
371,7,2,1,4,4,99,1,1,1,1,5,3
372,5,1,0,4,4,60,1,4,5,5,3,14
373,5,1,6,3,1,5,1,5,5,1,97,11
374,4,1,1,3,3,9,50,1,5,1,5,7
375,5,2,1,1,4,3,2,1,5,1,3,7
376,4,2,7,1,4,5,1,5,5,1,5,11
377,6,2,1,4,3,3,1,1,4,4,3,9
378,3,2,5,3,4,3,1,4,4,1,3,9
379,3,1,8,3,2,9,2,5,1,5,97,11
380,4,1,6,4,2,9,2,4,1,3,3,8
381,2,2,6,3,3,3,1,2,3,5,97,10
382,2,1,6,4,3,9,2,4,1,1,3,6
383,6,1,0,3,3,98,97,4,1,1,3,6
384,3,2,8,3,3,9,2,5,5,5,3,15
385,2,2,6,1,2,5,1,5,5,5,3,15
386,2,1,6,1,4,5,1,1,2,5,3,8
387,4,2,0,4,2,99,1,5,5,5,3,15
388,6,1,2,4,4,3,1,5,1,1,3,7
389,2,2,5,4,3,5,1,5,1,5,10,11
390,5,1,0,4,4,5,1,1,5,1,3,7
391,3,1,2,1,4,5,99,1,5,5,3,11
392,4,1,6,1,3,2,2,5,4,5,5,14
393,6,2,3,3,2,5,1,1,1,1,3,3
394,7,2,2,4,4,5,97,1,1,1,3,3
395,5,2,6,1,3,3,60,1,5,1,3,7
396,3,2,7,1,3,9,2,5,1,4,3,10
397,3,2,6,1,3,50,50,5,3,4,97,12
398,5,1,2,1,4,5,2,5,3,1,5,9
399,3,2,6,3,3,50,50,4,3,3,5,10
400,1,2,7,4,3,7,1,3,3,5,3,11
401,6,1,7,1,3,5,1,5,5,2,3,12
402,4,2,6,3,3,5,1,1,5,3,10,9
403,5,2,8,1,3,5,1,1,1,1,3,3
404,5,1,6,3,3,98,1,4,2,2,3,8
405,3,1,7,1,3,5,1,3,4,1,97,8
406,2,1,6,3,3,5,1,5,1,5,3,11
407,6,1,3,4,3,12,1,1,2,2,3,5
408,5,1,4,2,1,5,1,5,5,5,3,15
409,4,2,6,4,3,9,2,1,5,5,5,11
410,3,2,8,1,1,9,2,5,5,5,97,15
411,5,2,6,3,4,9,2,5,5,5,3,15
412,2,1,6,4,4,9,2,5,5,4,5,14
413,3,1,5,1,3,5,1,5,5,5,5,15
414,3,2,8,1,1,3,60,5,1,5,3,11
415,3,1,7,4,3,9,2,5,5,5,5,15
416,4,2,3,1,3,5,2,5,1,1,97,7
417,3,2,6,4,3,5,1,3,2,2,3,7
418,5,1,2,1,4,9,2,5,1,1,3,7
419,2,1,7,1,3,3,1,5,3,5,5,13
420,5,1,4,3,1,5,1,5,4,4,3,13
421,7,2,2,2,4,5,1,1,3,2,3,6
422,3,1,3,3,3,3,1,2,1,1,3,4
423,2,2,7,4,3,3,2,1,5,5,5,11
424,2,2,6,4,2,9,2,3,2,2,5,7
425,3,1,6,3,4,5,1,1,4,1,3,6
426,3,1,2,4,3,5,2,1,2,2,3,5
427,2,1,6,1,3,5,1,1,3,5,3,9
428,4,2,5,4,4,5,1,5,4,5,3,14
429,6,2,2,3,3,5,1,5,1,1,5,7
430,2,2,4,3,1,5,1,4,2,1,3,7
431,5,1,3,4,3,5,2,5,2,2,3,9
432,4,1,9,3,1,9,2,4,1,1,3,6
433,2,2,0,1,3,3,99,4,5,5,3,14
434,3,2,6,2,3,60,50,5,1,1,5,7
435,4,2,2,1,4,50,1,4,1,4,3,9
436,2,2,6,1,3,5,1,1,5,5,3,11
437,3,1,2,1,4,9,2,1,1,1,3,3
438,3,1,3,3,4,5,1,5,1,5,3,11
439,5,1,0,4,3,5,1,1,5,1,3,7
440,3,1,6,3,1,9,2,4,2,1,3,7
441,5,1,5,4,4,5,2,1,1,2,3,4
442,5,2,2,4,3,5,1,2,2,4,3,8
443,6,2,8,4,1,5,1,1,1,1,3,3
444,2,2,6,4,2,9,2,4,1,5,5,10
445,1,2,6,4,3,99,99,1,4,2,3,7
446,3,1,3,1,3,9,99,1,5,5,3,11
447,5,2,5,1,3,50,50,1,1,2,5,4
448,2,2,7,4,2,2,1,1,2,5,5,8
449,5,2,3,4,4,9,2,5,5,5,5,15
450,3,2,8,1,2,97,97,5,5,5,5,15
451,4,2,6,3,3,5,1,5,5,5,3,15
452,5,1,7,1,2,9,2,4,2,5,5,11
453,2,1,6,4,4,3,1,3,5,3,97,11
454,6,1,6,2,3,9,2,5,5,2,3,12
455,4,1,6,3,3,9,2,5,1,5,5,11
456,3,1,6,3,3,9,2,5,2,2,5,9
457,7,1,7,4,3,3,50,4,2,5,3,11
458,6,2,9,1,2,6,2,4,5,1,3,10
459,3,1,1,1,2,9,2,1,2,5,7,8
460,2,2,6,1,3,3,60,4,3,3,3,10
461,2,1,6,4,1,3,1,5,5,4,3,14
462,4,1,2,4,3,9,2,4,4,2,3,10
463,5,1,6,4,1,5,1,1,1,1,3,3
464,5,2,2,3,1,5,1,5,5,5,3,15
465,4,1,2,1,4,50,50,1,1,2,3,4
466,7,2,0,1,4,9,2,1,5,5,3,11
467,3,2,4,1,3,60,60,1,2,1,3,4
468,4,2,2,1,3,5,1,1,5,2,5,8
469,7,2,9,4,3,5,99,5,5,5,3,15
470,3,1,4,1,3,9,2,4,4,4,5,12
471,5,2,4,1,1,50,2,5,2,2,3,9
472,3,2,6,4,2,9,2,5,4,4,3,13
473,3,1,6,1,3,9,2,5,3,4,3,12
474,6,1,2,3,1,3,2,1,1,5,3,7
475,2,2,4,3,4,5,1,2,4,2,3,8
476,3,2,6,4,4,5,2,2,2,4,3,8
477,4,2,2,1,4,5,1,1,3,1,3,5
478,5,1,2,4,4,5,1,5,1,1,3,7
479,7,2,2,4,3,5,1,1,5,3,3,9
480,5,1,6,3,4,99,99,1,5,2,3,8
481,3,2,5,3,3,5,1,1,2,1,3,4
482,4,2,8,4,2,3,1,4,5,4,96,13
483,3,1,7,1,3,5,1,3,3,3,5,9
484,6,1,5,1,2,9,2,4,4,1,97,9
485,2,2,8,1,3,50,1,3,1,3,5,7
486,6,2,8,4,3,5,1,3,4,2,5,9
487,3,1,7,3,4,9,2,5,1,1,5,7
488,4,2,5,3,3,5,1,1,5,1,3,7
489,2,1,5,4,4,9,2,2,2,2,97,6
490,1,1,5,4,3,9,2,5,4,4,5,13
491,4,2,1,3,1,5,99,5,5,1,5,11
492,2,2,4,4,4,5,1,1,4,1,5,6
493,5,1,2,3,2,9,2,4,5,1,97,10
494,5,2,8,3,4,60,1,5,5,5,3,15
495,4,2,6,3,3,3,1,5,5,4,3,14
496,3,1,4,3,3,5,2,5,4,5,5,14
497,6,1,6,4,2,5,99,1,1,2,3,4
498,7,2,6,4,4,5,1,1,5,5,97,11
499,5,2,3,3,4,9,2,1,1,1,5,3
500,3,1,5,4,3,5,1,4,1,1,97,6
501,4,2,6,3,3,5,1,4,1,5,5,10
502,6,2,2,3,3,5,1,1,4,4,5,9
503,4,1,3,3,3,5,1,1,5,5,3,11
504,5,1,2,3,4,5,1,5,5,5,5,15
505,2,2,6,1,3,5,1,5,5,5,5,15
506,4,2,6,3,4,99,99,1,5,3,7,9
507,5,1,6,4,3,3,1,5,4,1,3,10
508,5,2,6,4,3,5,99,5,3,3,2,11
509,2,1,5,4,4,7,1,4,5,5,5,14
510,7,2,1,4,3,99,99,1,5,1,5,7
511,5,2,0,4,4,5,1,2,1,4,3,7
512,2,1,5,1,4,99,2,5,3,4,5,12
513,4,1,6,1,2,3,1,5,3,2,5,10
514,4,1,6,3,2,99,2,5,2,5,5,12
515,3,2,6,1,4,5,1,4,5,5,3,14
516,7,1,6,4,3,9,99,4,2,1,3,7
517,2,1,7,1,1,9,2,1,4,1,98,6
518,6,2,2,4,3,5,1,2,5,2,3,9
519,4,2,6,3,1,9,2,2,5,5,4,12
520,3,1,6,1,1,3,1,2,5,5,2,12
521,5,1,3,3,3,99,99,5,2,1,97,8
522,5,1,3,1,4,99,60,5,5,1,3,11
523,5,2,8,4,1,99,97,5,5,5,5,15
524,2,1,6,3,3,3,50,5,5,5,5,15
525,4,1,7,3,3,60,60,2,2,2,3,6
526,2,1,5,1,4,5,99,2,2,2,5,6
527,5,2,6,1,4,5,1,1,1,1,3,3
528,7,1,1,4,3,5,1,4,1,4,3,9
529,5,1,3,1,3,3,2,5,4,1,3,10
530,6,2,9,4,2,9,2,1,2,2,5,5
531,3,2,6,1,3,5,1,4,5,5,3,14
532,5,2,6,1,3,50,2,5,5,4,5,14
533,6,1,1,4,4,5,1,1,5,5,3,11
534,7,2,2,4,3,5,1,1,4,2,3,7
535,4,2,3,3,4,5,1,1,3,2,3,6
536,3,1,8,4,3,9,2,2,5,2,3,9
537,5,1,4,1,2,5,1,5,5,5,3,15
538,4,2,5,1,3,3,2,2,5,2,5,9
539,3,1,7,1,3,60,60,5,2,2,3,9
540,4,1,6,3,2,9,2,5,1,2,3,8
541,2,1,4,1,3,9,2,5,5,5,3,15
542,2,2,5,3,3,50,50,4,4,1,5,9
543,7,2,0,4,4,99,99,1,1,5,5,7
544,7,1,0,4,3,99,99,1,5,1,3,7
545,6,1,1,4,4,60,2,1,1,1,3,3
546,3,2,4,4,4,9,2,1,5,1,3,7
547,3,2,6,1,3,3,60,5,5,1,5,11
548,6,2,2,4,4,50,50,5,1,5,5,11
549,3,2,8,1,3,10,2,5,5,5,3,15
550,2,2,6,4,3,99,2,4,3,3,97,10
551,3,1,1,4,3,5,1,1,4,5,3,10
552,4,2,1,3,4,5,1,1,5,1,3,7
553,3,2,8,3,4,99,99,2,4,5,3,11
554,2,1,5,4,3,5,99,2,2,2,3,6
555,5,1,5,3,2,5,1,4,5,1,3,10
556,3,2,5,4,4,99,99,4,4,4,3,12
557,6,2,7,3,3,99,1,5,5,5,3,15
558,4,1,7,3,2,9,2,5,5,2,3,12
559,5,1,6,1,4,3,2,4,4,2,3,10
560,5,2,6,4,3,5,1,4,2,5,3,11
561,4,1,6,4,2,5,1,1,2,5,3,8
562,4,2,9,1,2,5,1,5,2,5,3,12
563,2,1,8,1,3,9,2,5,4,2,3,11
564,4,2,6,3,3,5,1,1,4,4,3,9
565,2,2,4,4,2,5,1,5,5,5,3,15
566,6,1,2,4,2,99,99,1,5,1,3,7
567,3,1,4,3,2,9,2,5,1,1,97,7
568,3,2,4,4,3,9,1,4,4,5,3,13
569,4,1,4,4,3,60,1,5,5,4,3,14
570,3,1,8,4,4,9,2,5,5,5,3,15
571,6,1,4,3,1,3,1,4,2,2,3,8
572,3,1,6,1,2,5,1,5,4,1,5,10
573,2,2,6,1,2,5,1,5,2,5,97,12
574,2,2,6,1,2,3,1,2,5,5,97,12
575,3,2,6,3,1,9,2,1,5,4,5,10
576,3,2,4,3,3,3,1,5,1,5,5,11
577,4,2,4,4,1,5,1,1,4,1,3,6
578,6,2,6,1,3,5,1,4,1,2,3,7
579,5,2,6,1,1,99,99,5,5,1,7,11
580,4,1,8,1,1,5,2,5,2,1,5,8
581,5,2,8,1,2,9,2,1,2,2,5,5
582,5,2,8,3,2,9,99,5,1,5,3,11
583,2,1,7,4,2,9,2,5,2,4,5,11
584,5,1,8,1,1,3,1,5,4,5,97,14
585,2,1,4,4,4,99,99,4,1,2,3,7
586,2,2,6,4,4,60,60,4,2,2,5,8
587,3,1,2,4,4,5,1,4,5,2,3,11
588,4,1,2,1,3,5,1,1,1,1,3,3
589,4,1,6,4,3,5,1,2,2,1,3,5
590,3,2,5,4,3,3,2,4,3,1,3,8
591,6,2,2,3,2,5,1,2,3,5,5,10
592,4,2,8,1,3,9,2,1,1,1,3,3
593,7,2,8,4,3,3,2,2,2,2,3,6
594,5,2,2,4,4,5,1,5,2,2,3,9
595,6,1,6,3,3,3,2,1,5,5,3,11
596,5,1,6,4,3,3,2,5,2,2,3,9
597,3,2,4,3,3,5,1,4,4,2,3,10
598,5,1,4,4,3,9,60,5,5,5,5,15
599,3,2,6,4,1,9,2,2,5,5,5,12
600,3,1,6,3,3,5,1,1,5,5,3,11
601,3,1,2,3,1,5,1,1,1,1,97,3
602,2,2,4,4,4,98,1,1,5,4,3,10
603,2,1,6,4,3,99,99,5,1,5,5,11
604,1,1,3,4,4,99,99,2,2,2,3,6
605,4,1,6,4,3,3,1,4,5,5,3,14
606,4,2,4,4,4,5,1,2,5,5,3,12
607,4,2,8,3,1,5,1,2,5,1,3,8
608,3,1,6,1,1,9,2,5,4,5,5,14
609,7,2,8,1,1,5,1,1,5,4,3,10
610,3,2,8,1,4,9,2,4,2,1,97,7
611,2,1,7,1,2,9,2,4,5,5,3,14
612,5,1,6,4,3,7,50,5,1,2,3,8
613,6,2,0,4,4,98,98,1,1,1,5,3
614,5,2,2,3,4,97,99,2,1,5,99,8
615,3,2,6,4,4,5,1,1,5,5,5,11
616,6,1,8,4,1,50,50,5,5,5,3,15
617,5,2,6,3,3,5,1,2,2,1,3,5
618,2,2,6,1,3,3,1,2,5,4,96,11
619,4,1,2,3,4,5,1,1,1,1,3,3
620,6,1,8,3,2,9,2,5,5,5,5,15
621,6,2,2,3,4,99,99,1,1,1,3,3
622,3,2,7,1,4,3,1,2,5,1,3,8
623,7,1,0,4,4,98,1,2,1,5,5,8
624,2,1,3,1,4,50,50,1,5,1,3,7
625,3,1,6,3,1,7,2,3,5,4,3,12
626,2,2,8,1,2,5,1,2,1,5,5,8
627,4,1,6,4,2,5,1,4,2,4,5,10
628,5,2,6,4,2,9,2,2,5,4,97,11
629,3,1,6,1,1,2,99,1,1,1,5,3
630,4,1,6,3,1,9,2,1,1,2,3,4
631,3,2,5,3,4,10,99,4,4,4,5,12
632,5,1,3,3,2,9,2,1,2,5,5,8
633,2,2,6,1,3,5,1,2,4,2,3,8
634,7,1,0,4,4,99,1,1,1,1,3,3
635,7,2,2,4,1,9,2,5,4,4,3,13
636,2,1,6,1,1,9,2,4,2,5,5,11
637,3,1,2,3,4,99,99,5,5,5,3,15
638,5,2,4,3,4,99,99,2,5,5,5,12
639,2,1,6,1,2,9,2,5,4,5,5,14
640,4,1,4,3,3,9,2,5,5,2,3,12
641,3,2,6,4,3,5,1,1,5,5,3,11
642,5,1,1,4,4,5,1,5,5,5,97,15
643,5,2,6,1,3,3,2,4,3,1,3,8
644,5,2,6,3,2,9,2,5,5,5,5,15
645,2,1,6,4,2,10,2,5,5,4,5,14
646,4,1,6,4,2,99,1,5,1,5,97,11
647,6,2,6,4,1,9,2,5,5,5,5,15
648,6,1,7,3,1,3,1,4,1,4,4,9
649,4,1,2,4,3,99,1,4,2,5,3,11
650,5,1,8,3,2,50,50,5,2,5,3,12
651,4,2,3,3,3,9,2,1,5,1,5,7
652,3,1,2,3,1,9,2,1,1,1,5,3
653,4,2,8,4,1,3,1,4,2,4,4,10
654,3,2,8,1,3,7,99,4,4,5,3,13
655,7,2,1,4,3,5,1,4,5,2,3,11
656,3,2,7,1,2,3,1,4,5,5,3,14
657,3,1,4,1,1,99,1,5,1,1,3,7
658,4,1,1,1,3,98,1,2,1,1,2,4
659,3,2,6,4,3,5,1,4,5,1,5,10
660,5,2,2,4,4,5,1,5,5,5,5,15
661,7,1,6,2,2,9,2,4,5,5,3,14
662,6,2,0,4,4,5,2,5,5,1,2,11
663,4,2,2,1,4,5,1,5,5,1,3,11
664,2,2,6,3,2,9,2,4,5,4,5,13
665,3,1,7,3,1,5,99,5,5,5,97,15
666,3,1,8,3,4,9,2,5,1,4,3,10
667,5,2,4,3,1,9,2,4,5,5,5,14
668,2,2,3,4,4,5,1,4,2,2,3,8
669,2,1,7,4,4,9,2,5,4,4,5,13
670,2,1,4,4,4,9,99,2,5,4,5,11
671,4,1,6,3,4,9,2,2,1,2,5,5
672,5,2,2,3,3,9,2,5,2,1,5,8
673,2,2,7,4,4,5,1,5,5,2,3,12
674,5,1,7,2,1,8,2,5,4,1,96,10
675,4,1,7,1,3,12,2,1,5,5,3,11
676,6,1,2,4,3,5,1,4,2,5,3,11
677,6,2,2,4,4,5,1,1,1,5,3,7
678,4,2,8,1,3,5,1,1,5,5,3,11
679,4,1,6,3,1,3,1,5,5,5,5,15
680,3,2,7,1,2,9,2,1,5,1,3,7
681,4,2,6,4,4,99,99,1,1,1,3,3
682,5,1,1,4,4,5,1,1,2,5,5,8
683,5,1,3,3,3,5,1,5,1,5,3,11
684,3,1,2,1,3,9,2,2,5,5,5,12
685,6,1,6,3,3,6,2,5,1,2,3,8
686,2,1,6,3,2,10,1,4,4,1,3,9
687,4,1,6,1,4,9,2,5,2,5,3,12
688,4,2,8,1,2,9,2,5,5,4,1,14
689,2,2,6,4,4,5,1,5,2,2,3,9
690,4,2,3,1,4,9,2,5,3,5,3,13
691,6,2,1,4,3,2,1,5,5,5,5,15
692,3,2,6,1,3,9,2,2,5,2,3,9
693,5,2,6,1,3,5,2,4,2,4,3,10
694,5,2,2,1,3,9,2,1,5,3,5,9
695,6,2,7,1,2,9,2,5,5,1,3,11
696,3,1,7,3,2,9,2,5,4,4,5,13
697,7,1,1,4,1,5,1,5,5,1,3,11
698,3,2,6,1,4,5,1,1,1,4,5,6
699,2,1,6,3,2,9,2,2,1,1,3,4
700,2,2,6,3,3,5,1,5,4,4,5,13
701,2,1,5,1,4,99,99,5,2,5,5,12
702,5,1,4,3,3,3,1,5,2,1,5,8
703,6,1,4,4,4,50,50,4,5,4,4,13
704,6,1,2,3,4,50,50,3,3,3,3,9
705,6,2,6,4,2,10,2,2,5,5,5,12
706,7,2,2,4,4,99,99,5,1,4,3,10
707,5,2,8,2,1,9,2,5,5,4,3,14
708,4,1,6,3,4,99,99,3,3,3,3,9
709,6,2,4,4,3,5,1,5,5,2,3,12
710,5,2,4,4,4,99,2,5,5,1,3,11
711,5,2,4,4,3,9,2,5,5,3,4,13
712,4,1,8,2,4,99,99,3,3,5,5,11
713,3,1,6,2,1,5,1,4,2,3,3,9
714,7,2,6,4,4,99,99,5,3,4,5,12
715,6,2,2,4,4,9,2,5,4,2,3,11
716,6,2,2,4,4,1,2,4,2,1,3,7
717,6,2,3,4,3,7,2,3,2,3,3,8
718,6,1,3,4,4,50,60,2,1,2,5,5
719,6,1,4,1,4,50,60,2,3,3,3,8
720,5,1,4,3,4,5,1,3,1,2,97,6
721,3,1,6,4,4,5,2,3,1,2,3,6
722,3,2,6,3,1,97,97,5,5,5,5,15
723,3,2,5,3,4,5,1,5,1,5,3,11
724,2,1,3,3,4,99,99,2,1,1,5,4
725,5,1,1,4,4,99,99,1,1,1,5,3
726,5,2,0,4,2,6,98,5,1,1,5,7
727,3,1,6,1,1,9,2,2,1,5,5,8
728,4,2,2,4,1,99,99,5,1,1,3,7
729,6,2,4,4,2,5,1,3,2,2,2,7
730,6,2,4,4,4,9,2,1,1,4,3,6
731,6,2,2,4,4,99,99,4,4,3,3,11
732,5,1,4,1,1,99,99,2,2,3,5,7
733,3,1,6,1,4,99,99,4,3,5,3,12
734,6,1,4,3,4,5,1,3,3,5,4,11
735,4,1,4,4,3,99,99,2,1,5,3,8
736,3,1,7,1,1,3,1,2,4,2,3,8
737,6,1,1,3,4,99,99,4,1,5,3,10
738,4,2,3,4,4,5,1,4,4,2,3,10
739,3,2,1,4,4,9,2,5,2,1,3,8
740,5,2,5,3,3,5,1,5,2,1,10,8
741,2,2,3,4,4,5,1,2,1,1,5,4
742,3,1,6,3,4,9,2,2,5,2,97,9
743,6,1,1,4,3,9,2,2,2,4,3,8
744,4,1,7,1,1,9,2,5,1,1,3,7
745,4,2,9,1,3,9,2,4,5,5,5,14
746,6,2,1,4,4,9,2,4,3,1,3,8
747,4,2,8,3,4,6,2,4,2,1,5,7
748,3,2,6,1,4,9,2,2,3,5,3,10
749,4,1,6,3,2,5,1,5,5,5,5,15
750,5,1,4,1,2,9,2,5,5,4,5,14
751,2,1,6,3,2,9,2,4,4,3,3,11
752,2,1,7,4,1,9,2,5,4,5,5,14
753,5,1,6,4,1,99,1,4,2,3,3,9
754,4,2,6,1,3,99,1,5,5,5,3,15
755,4,2,6,4,3,99,99,4,5,1,5,10
756,4,2,2,1,2,98,1,5,5,5,3,15
757,3,2,6,3,4,99,60,5,5,5,5,15
758,4,1,5,1,2,5,2,4,2,2,5,8
759,2,2,5,4,4,99,99,5,3,5,5,13
760,2,1,4,4,4,9,2,5,3,3,5,11
761,7,2,1,4,4,98,2,4,5,1,5,10
762,4,2,2,1,4,5,98,5,2,4,3,11
763,4,2,6,1,2,9,2,3,5,5,5,13
764,2,1,4,4,1,99,99,5,1,1,5,7
765,2,1,6,1,3,9,2,3,5,5,97,13
766,4,1,7,4,4,50,50,2,5,1,3,8
767,3,1,6,4,4,60,2,5,1,1,3,7
768,6,2,9,1,2,3,99,5,5,5,3,15
769,6,2,2,1,3,9,2,5,2,1,3,8
770,2,2,2,4,4,9,2,1,1,5,3,7
771,4,2,6,1,4,3,2,4,4,1,3,9
772,5,1,0,1,3,5,1,5,5,5,5,15
773,4,1,2,4,3,5,1,2,5,5,3,12
774,1,1,4,4,3,99,99,5,2,5,5,12
775,7,2,2,4,4,9,2,2,1,5,5,8
776,7,1,8,4,3,5,1,5,5,5,3,15
777,4,1,6,2,2,9,2,5,1,1,5,7
778,2,2,6,1,3,9,2,4,5,4,3,13
779,4,2,6,1,3,9,2,2,4,5,97,11
780,5,1,6,3,1,9,2,2,1,5,5,8
781,2,1,6,1,3,9,2,4,2,4,3,10
782,3,1,6,4,1,9,2,5,5,1,5,11
783,2,1,6,3,2,99,99,3,1,3,3,7
784,7,2,6,4,1,9,2,5,5,1,5,11
785,5,2,7,3,4,9,2,5,5,5,5,15
786,5,1,1,3,3,3,2,5,5,1,3,11
787,2,2,6,4,4,99,99,2,4,3,3,9
788,2,1,6,1,3,9,2,5,4,2,3,11
789,5,2,9,1,2,5,1,5,5,5,3,15
790,3,2,6,3,1,9,2,4,1,1,3,6
791,4,2,1,4,3,5,1,2,2,2,3,6
792,4,1,5,4,2,99,99,2,4,2,5,8
793,2,1,5,3,3,5,1,2,3,1,3,6
794,3,2,4,3,2,5,1,5,3,1,5,9
795,5,2,4,4,3,9,2,3,5,5,3,13
796,4,1,1,3,3,99,99,2,4,4,3,10
797,4,1,6,3,1,3,1,4,4,5,3,13
798,4,1,3,3,1,99,99,1,5,1,3,7
799,5,2,6,1,3,50,50,4,5,5,3,14
800,4,1,1,4,3,5,1,2,4,2,3,8
801,4,1,7,3,1,9,2,2,1,5,3,8
802,2,2,7,4,3,3,1,4,5,5,3,14
803,4,2,6,3,1,3,1,5,5,5,3,15
804,2,1,4,3,3,99,99,2,4,2,5,8
805,4,2,4,4,4,5,1,3,3,2,3,8
806,3,2,6,4,1,99,99,2,4,2,5,8
807,2,1,6,3,3,9,2,5,2,2,3,9
808,3,1,7,1,2,9,2,2,1,5,97,8
809,4,2,8,3,3,5,1,2,3,5,5,10
810,4,1,3,3,4,99,99,5,4,4,3,13
811,2,2,8,4,2,9,2,5,2,2,5,9
812,2,1,6,3,4,99,99,5,2,5,3,12
813,6,2,6,4,3,9,2,5,1,1,5,7
814,5,2,2,1,3,9,2,5,5,5,3,15
815,6,1,1,3,3,97,99,5,5,2,5,12
816,2,1,6,4,3,3,1,4,2,2,3,8
817,3,1,5,1,3,9,2,4,5,1,5,10
818,3,1,8,1,3,2,2,2,5,5,3,12
819,3,1,6,2,3,9,2,2,1,1,3,4
820,2,2,6,3,4,5,1,1,4,5,5,10
821,3,1,5,3,2,9,2,4,5,5,3,14
822,5,1,1,2,2,9,2,1,1,5,3,7
823,2,2,6,1,4,60,60,4,4,5,5,13
824,6,1,1,3,4,5,1,5,2,3,3,10
825,4,2,5,4,3,5,1,4,5,2,3,11
826,6,1,7,3,1,9,2,5,5,5,3,15
827,4,2,8,1,3,50,50,5,5,5,3,15
828,6,2,8,4,2,99,2,1,2,1,3,4
829,2,1,3,1,1,99,99,1,2,2,5,5
830,3,1,3,1,4,99,99,1,2,1,5,4
831,6,1,5,4,3,5,1,1,1,2,3,4
832,3,1,5,1,1,99,99,5,3,2,3,10
833,4,2,4,3,4,99,99,5,4,5,97,14
834,5,1,1,3,4,9,2,1,1,4,5,6
835,6,2,5,1,3,99,1,4,3,5,5,12
836,5,2,2,4,4,99,99,4,1,2,3,7
837,5,1,6,3,3,9,2,1,2,2,3,5
838,3,2,6,2,3,99,99,4,2,1,3,7
839,4,1,6,1,2,99,1,2,2,2,5,6
840,4,2,3,1,3,99,99,1,5,3,3,9
841,6,1,4,4,3,9,60,5,5,5,5,15
842,6,2,1,4,3,5,1,2,2,4,3,8
843,6,1,3,4,4,99,1,2,1,1,3,4
844,5,1,2,4,3,9,2,1,2,4,3,7
845,6,1,4,4,2,99,99,2,1,5,3,8
846,6,2,6,1,2,97,97,5,1,2,3,8
847,3,1,8,1,2,99,99,5,5,5,3,15
848,3,2,6,3,1,5,1,5,1,1,3,7
849,2,2,6,1,2,9,2,1,5,5,5,11
850,2,1,6,1,3,99,99,1,1,1,3,3
851,4,1,2,1,3,99,99,5,3,1,5,9
852,4,1,8,2,2,9,2,5,2,4,3,11
853,4,1,6,3,3,50,50,5,2,2,3,9
854,5,2,8,4,3,10,2,1,2,1,3,4
855,5,1,5,3,3,10,2,1,1,5,3,7
856,6,1,3,3,3,9,2,5,2,5,3,12
857,3,2,4,4,2,6,50,2,5,5,3,12
858,3,1,4,1,2,1,2,4,5,5,3,14
859,7,2,1,4,2,9,2,2,4,5,3,11
860,5,1,2,4,1,9,1,4,4,4,3,12
861,3,1,6,1,3,99,99,2,1,2,3,5
862,7,1,1,4,3,9,1,2,5,4,3,11
863,5,2,8,3,3,5,2,5,2,1,3,8
864,3,2,8,3,2,9,2,3,5,1,3,9
865,6,1,8,3,1,99,99,5,5,1,3,11
866,4,2,8,1,3,6,60,2,4,5,3,11
867,5,2,6,1,3,9,2,5,1,5,3,11
868,2,1,7,1,2,5,1,2,5,2,3,9
869,5,1,7,3,1,97,97,4,4,5,3,13
870,7,2,8,4,3,5,2,3,5,2,3,10
871,4,1,6,3,3,9,2,3,4,5,3,12
872,7,2,6,4,4,99,99,2,5,5,3,12
873,3,2,9,1,3,3,2,2,5,2,3,9
874,6,2,2,4,3,3,2,2,1,5,3,8
875,2,1,5,3,3,99,99,1,5,2,3,8
876,4,1,2,3,4,60,99,5,5,5,5,15
877,3,1,7,1,4,50,60,4,5,5,3,14
878,5,2,9,3,2,9,2,5,1,4,3,10
879,5,1,8,4,1,9,2,5,2,1,3,8
880,7,1,3,4,4,99,99,2,5,4,3,11
881,2,2,7,3,3,9,2,5,5,4,3,14
882,4,2,3,4,1,5,1,1,1,1,5,3
883,2,2,6,1,4,5,1,4,1,5,5,10
884,2,2,5,1,4,99,99,1,3,3,5,7
885,7,1,2,4,1,9,2,5,4,1,4,10
886,3,1,5,3,2,5,1,4,4,4,3,12
887,2,1,7,4,2,9,2,4,5,3,5,12
888,5,1,0,1,4,9,2,5,2,2,97,9
889,2,2,7,1,4,50,50,4,3,2,3,9
890,6,1,2,3,3,9,2,2,2,4,5,8
891,4,1,2,3,3,9,2,2,1,1,3,4
892,3,2,4,4,4,99,99,5,2,5,5,12
893,3,2,6,4,2,9,2,1,2,2,3,5
894,5,2,3,4,1,6,60,2,1,5,4,8
895,5,2,2,4,1,98,60,1,1,1,5,3
896,2,2,6,4,3,9,2,2,5,5,5,12
897,4,1,8,4,1,5,1,4,5,5,97,14
898,3,2,6,1,3,9,2,1,4,2,97,7
899,4,2,3,1,3,99,99,5,5,1,5,11
900,3,2,3,4,4,9,2,1,1,4,3,6
901,2,1,6,4,3,3,60,3,4,4,3,11
902,5,1,1,4,2,5,1,1,5,1,5,7
903,7,1,1,4,2,9,2,2,2,5,3,9
904,6,1,0,4,2,5,1,5,4,5,5,14
905,3,2,6,4,2,9,2,5,2,5,3,12
906,4,2,8,1,3,99,99,2,2,2,3,6
907,3,2,6,1,4,5,1,2,1,2,3,5
908,3,2,6,1,3,5,1,4,4,4,5,12
909,3,2,5,1,3,5,1,4,3,3,3,10
910,6,2,2,4,2,99,99,1,5,4,3,10
911,7,1,4,4,1,9,2,2,1,2,3,5
912,3,2,8,4,3,3,1,1,5,5,3,11
913,4,2,6,1,2,50,50,5,2,3,3,10
914,5,1,6,4,3,9,2,4,2,2,3,8
915,4,1,6,3,4,9,2,2,3,2,3,7
916,2,1,6,1,1,9,2,3,3,2,3,8
917,3,1,7,3,2,9,2,2,2,4,10,8
918,6,1,6,1,2,5,1,5,1,2,4,8
919,6,1,2,3,4,5,1,1,3,5,3,9
920,3,2,6,3,2,9,2,5,5,5,5,15
921,6,2,6,4,1,3,2,2,1,5,3,8
922,3,1,6,1,2,9,2,1,5,5,10,11
923,4,1,9,1,3,3,2,5,5,5,10,15
924,3,2,3,3,1,9,2,2,2,1,3,5
925,5,1,3,4,3,12,50,4,2,1,3,7
926,4,2,6,1,3,99,99,1,5,5,5,11
927,2,1,7,4,4,99,99,4,4,3,96,11
928,2,2,7,4,3,9,2,5,5,5,97,15
929,4,2,7,3,3,99,1,5,5,5,5,15
930,5,1,7,3,3,9,2,5,1,1,3,7
931,6,1,8,3,3,9,2,2,2,2,3,6
932,3,2,2,1,3,5,1,1,5,3,5,9
933,3,2,6,1,2,3,1,5,5,5,2,15
934,5,2,9,4,3,3,2,5,4,3,3,12
935,3,1,7,4,3,99,99,5,3,4,3,12
936,6,2,8,3,3,50,2,4,4,2,3,10
937,6,1,8,4,4,50,50,5,5,5,3,15
938,4,1,7,3,1,99,99,1,2,5,4,8
939,2,1,6,4,1,10,2,1,5,5,3,11
940,5,1,7,3,4,9,2,5,4,5,97,14
941,5,2,7,3,4,9,2,1,5,1,10,7
942,5,2,6,1,3,5,1,1,1,2,4,4
943,4,1,5,3,3,3,2,5,4,2,5,11
944,6,2,9,3,3,3,2,5,5,5,3,15
945,7,2,8,3,1,99,99,4,3,5,5,12
946,7,2,2,4,1,5,99,5,5,5,3,15
947,2,1,7,4,2,99,99,3,5,4,97,12
948,6,1,8,4,2,5,1,5,5,5,3,15
949,3,1,8,1,1,9,2,5,5,5,3,15
950,2,2,7,1,2,3,50,5,5,4,97,14
951,4,2,4,4,2,9,2,5,4,2,3,11
952,5,2,6,4,1,9,2,5,5,5,5,15
953,3,1,6,2,3,9,2,1,5,5,5,11
954,4,1,6,1,2,99,99,5,2,1,5,8
955,3,2,6,4,3,5,1,4,5,5,1,14
956,5,1,6,1,2,9,2,5,5,5,5,15
957,4,1,7,1,1,9,2,1,1,2,2,4
958,4,1,6,2,1,9,2,5,1,5,2,11
959,5,1,8,4,3,99,99,5,5,5,97,15
960,7,2,6,4,3,99,99,1,5,2,3,8
961,6,2,6,4,3,9,2,1,4,1,3,6
962,3,1,8,3,2,9,2,4,1,5,3,10
963,3,2,7,1,3,5,1,1,1,5,3,7
964,6,2,2,4,3,98,98,4,4,2,3,10
965,5,2,6,4,3,97,97,5,5,5,5,15
966,7,1,6,3,4,99,99,1,1,5,3,7
967,6,1,6,4,3,9,2,1,2,1,4,4
968,6,1,8,3,3,9,2,4,1,2,3,7
969,4,1,8,1,1,9,2,2,4,1,96,7
970,3,2,7,1,2,12,2,5,2,5,5,12
971,7,2,6,4,3,3,2,1,2,3,5,6
972,6,1,2,4,3,9,2,4,4,4,5,12
973,4,2,8,1,4,9,2,2,2,3,5,7
974,7,1,6,3,3,3,1,1,5,5,3,11
975,2,2,6,3,3,99,99,1,5,4,5,10
976,4,1,6,3,2,99,99,5,5,4,3,14
977,5,1,6,1,4,9,2,5,1,4,3,10
978,7,1,4,3,3,3,2,4,5,5,3,14
979,2,2,6,4,2,5,1,5,5,5,3,15
980,2,1,7,4,2,3,1,5,5,2,96,12
981,5,2,3,4,3,5,1,5,1,1,3,7
982,4,2,6,3,3,5,1,5,5,5,3,15
983,3,1,6,4,3,99,99,4,1,5,3,10
984,5,2,9,1,3,3,50,4,5,1,10,10
985,5,1,2,3,2,9,2,4,5,2,5,11
986,4,2,6,1,2,3,50,5,4,4,5,13
987,6,1,1,4,1,9,2,5,1,1,3,7
988,4,1,6,3,3,9,2,1,1,2,5,4
989,6,2,7,4,4,97,99,1,4,3,1,8
990,6,1,0,3,4,99,2,1,5,5,3,11
991,4,1,6,1,2,9,2,5,4,4,5,13
992,5,1,6,3,4,9,99,5,4,5,3,14
993,7,2,0,4,4,9,2,2,3,1,5,6
994,4,1,5,4,3,9,2,2,2,2,97,6
995,3,2,6,1,4,9,2,1,5,5,5,11
996,3,1,5,4,2,9,2,5,5,5,5,15
997,5,2,6,4,1,8,2,5,1,1,5,7
998,5,2,4,3,4,99,99,4,5,4,97,13
999,3,2,8,3,2,9,2,1,1,2,5,4
1000,3,1,4,1,2,99,2,1,4,5,96,10
1001,7,2,1,4,2,9,2,2,2,2,3,6
1002,3,2,5,4,3,5,1,5,2,2,5,9
1003,4,1,4,1,3,9,2,5,5,4,3,14
1004,5,1,6,1,3,9,99,4,4,2,5,10
1005,5,2,5,4,2,9,99,5,2,2,5,9
1006,3,2,6,1,2,9,2,1,1,5,97,7
1007,3,2,6,4,3,2,2,5,1,4,5,10
1008,2,1,6,3,4,99,99,5,5,5,4,15
1009,7,1,8,4,2,9,2,5,5,5,5,15
1010,5,2,6,1,4,9,2,5,5,1,5,11
1011,7,2,5,4,3,60,60,5,1,4,10,10
1012,6,1,3,3,1,3,1,4,1,2,3,7
1013,2,2,3,4,4,99,99,5,2,5,5,12
1014,6,2,6,3,4,9,2,1,1,1,3,3
1015,7,2,4,4,3,99,99,1,1,2,3,4
1016,7,1,4,4,1,9,2,1,2,1,3,4
1017,3,2,6,4,4,99,99,1,5,4,5,10
1018,6,1,8,1,2,99,99,4,4,5,5,13
1019,2,1,6,1,4,99,99,4,4,5,5,13
1020,4,1,6,3,2,9,2,1,3,1,5,5
1021,3,1,6,1,1,99,99,5,5,5,5,15
1022,4,2,5,3,4,99,99,2,4,1,5,7
1023,4,1,6,4,3,9,2,5,5,1,3,11
1024,4,2,3,3,4,99,99,4,5,5,97,14
1025,6,2,6,4,4,60,60,4,1,5,5,10
1026,2,1,1,1,2,6,2,5,5,1,3,11
1027,3,2,7,4,3,5,2,1,4,2,5,7
1028,7,2,1,4,4,99,99,1,5,5,3,11
1029,4,2,6,3,3,5,2,1,5,5,5,11
1030,2,1,6,4,2,5,2,1,5,5,5,11
1031,4,1,4,1,3,9,2,1,2,5,3,8
1032,7,1,1,4,2,9,2,1,2,1,3,4
1033,4,2,2,3,4,50,50,1,1,1,5,3
1034,4,2,3,4,3,60,1,1,4,1,5,6
1035,3,2,6,1,3,9,2,2,4,1,5,7
1036,2,1,7,1,1,9,2,5,1,1,5,7
1037,5,1,5,3,4,99,99,5,1,5,5,11
1038,3,1,6,1,3,50,50,4,4,4,3,12
1039,6,1,6,1,1,9,2,1,5,5,5,11
1040,5,2,6,4,4,9,2,1,2,4,3,7
1041,6,1,6,4,1,9,2,4,2,5,4,11
1042,3,2,5,4,2,9,2,5,4,2,5,11
1043,5,1,4,4,3,5,1,1,1,1,3,3
1044,4,1,6,1,3,50,50,5,5,2,97,12
1045,6,1,6,4,3,9,2,1,5,4,3,10
1046,4,1,4,3,3,99,99,5,1,1,3,7
1047,6,2,1,3,4,99,99,4,1,2,5,7
1048,4,1,5,3,1,9,2,5,5,5,3,15
1049,7,2,4,4,3,9,2,5,5,5,5,15
1050,5,2,7,1,3,3,1,4,4,5,5,13
1051,5,2,8,1,1,99,1,5,5,5,4,15
1052,2,1,5,4,3,9,2,4,4,2,3,10
1053,4,2,3,4,3,99,99,2,2,2,3,6
1054,7,2,2,4,3,98,2,5,2,2,5,9
1055,6,1,8,3,2,99,99,5,2,2,4,9
1056,2,2,5,4,2,50,50,5,5,2,97,12
1057,4,1,2,3,1,3,2,5,4,5,5,14
1058,4,1,1,3,3,5,1,5,1,4,5,10
1059,3,1,0,4,4,99,99,5,1,2,97,8
1060,5,2,1,4,4,5,99,4,2,4,5,10
1061,3,2,5,4,4,98,1,5,5,5,5,15
1062,4,2,2,4,3,5,1,5,5,4,5,14
1063,6,2,6,1,4,9,2,5,3,3,5,11
1064,3,1,6,1,3,9,2,5,5,4,97,14
1065,3,2,6,4,1,9,2,1,1,5,5,7
1066,4,1,2,1,4,9,2,1,1,5,5,7
1067,6,1,6,4,4,99,99,1,1,5,5,7
1068,7,1,6,4,1,9,2,5,4,5,3,14
1069,2,1,6,4,3,98,60,2,4,5,98,11
1070,6,2,6,3,3,9,2,1,5,2,4,8
1071,2,1,6,1,2,9,2,4,4,2,5,10
1072,3,2,8,4,4,99,99,1,5,2,5,8
1073,5,1,1,1,3,97,97,4,5,1,5,10
1074,3,1,7,2,3,9,99,5,5,5,5,15
1075,7,2,2,4,3,9,1,3,5,1,5,9
1076,4,1,6,1,3,9,2,5,4,1,3,10
1077,4,2,6,4,4,97,97,1,5,1,3,7
1078,3,1,7,2,3,9,2,1,1,5,3,7
1079,2,1,3,3,4,99,99,5,1,1,98,7
1080,3,1,8,1,1,9,2,5,5,1,3,11
1081,5,1,6,4,3,99,99,5,1,5,5,11
1082,6,1,3,4,2,5,1,1,2,1,3,4
1083,2,2,5,1,4,3,1,1,1,1,3,3
1084,5,2,5,4,4,50,50,5,5,5,5,15
1085,4,2,8,3,1,5,1,5,5,5,3,15
1086,2,2,7,3,1,3,1,5,5,5,96,15
1087,5,1,7,3,1,9,2,1,5,5,3,11
1088,3,1,6,1,2,5,1,1,5,5,3,11
1089,2,1,6,4,1,99,99,5,5,5,4,15
1090,6,2,8,4,1,99,99,1,5,5,1,11
1091,6,2,2,1,3,9,2,5,1,5,5,11
1092,4,1,1,1,2,9,2,1,2,2,97,5
1093,2,2,6,4,4,5,1,1,1,1,97,3
1094,4,1,3,3,4,99,99,1,1,2,4,4
1095,5,1,3,1,3,5,1,2,4,2,3,8
1096,3,2,6,1,2,99,99,5,5,5,3,15
1097,5,1,6,4,1,9,2,1,1,5,3,7
1098,5,2,6,4,1,3,1,1,5,5,3,11
1099,6,2,6,1,4,9,2,1,1,1,5,3
1100,3,2,7,3,3,9,2,5,2,1,3,8
1101,4,1,3,1,2,9,2,2,5,1,3,8
1102,2,2,4,4,2,99,99,5,2,2,96,9
1103,2,1,7,4,3,5,1,2,5,5,97,12
1104,3,2,6,1,4,99,99,1,1,1,5,3
1105,5,2,6,3,3,97,97,1,1,2,97,4
1106,4,2,4,3,4,99,99,5,5,5,97,15
1107,3,1,4,1,4,99,99,1,5,5,3,11
1108,2,1,4,3,3,99,99,5,4,5,97,14
1109,3,1,7,3,1,8,1,5,5,1,96,11
1110,5,2,8,1,1,7,1,5,5,1,10,11
1111,3,1,8,2,2,9,2,4,1,4,97,9
1112,4,2,9,1,2,10,2,5,5,5,4,15
1113,6,2,8,1,4,50,2,2,4,4,1,10
1114,6,2,6,3,3,3,1,5,5,5,3,15
1115,2,1,6,4,3,5,1,4,5,4,5,13
1116,5,1,6,3,4,6,1,5,2,5,97,12
1117,5,1,6,4,4,50,50,5,5,1,3,11
1118,7,2,6,4,2,97,1,5,5,5,3,15
1119,5,2,6,3,2,99,99,2,1,5,3,8
1120,4,2,7,3,1,9,2,2,1,1,5,4
1121,7,1,7,3,2,9,2,5,5,1,3,11
1122,7,2,0,4,2,6,2,1,1,1,3,3
1123,3,1,8,1,3,99,99,5,5,4,3,14
1124,4,1,6,4,4,50,50,4,5,5,7,14
1125,4,2,6,1,3,99,99,2,5,2,5,9
1126,5,2,5,3,3,9,2,4,4,1,3,9
1127,3,1,6,4,2,9,2,1,1,2,5,4
1128,2,1,7,1,2,3,1,5,4,5,97,14
1129,6,1,8,4,1,9,2,4,5,5,3,14
1130,6,1,7,4,1,9,2,4,4,5,3,13
1131,3,1,6,1,4,97,97,4,1,5,7,10
1132,6,1,6,3,3,9,2,5,4,4,97,13
1133,5,2,6,4,2,3,50,5,5,1,97,11
1134,3,2,6,3,3,50,50,5,2,2,5,9
1135,3,2,8,1,2,9,2,5,1,1,5,7
1136,2,1,7,1,3,9,2,5,4,5,5,14
1137,3,2,6,3,2,99,99,4,5,4,5,13
1138,2,1,7,1,3,5,1,4,4,5,97,13
1139,3,2,6,1,3,3,99,1,4,1,5,6
1140,2,2,4,1,3,50,1,1,1,2,5,4
1141,2,1,8,1,2,2,1,5,5,4,5,14
1142,7,1,1,4,4,99,99,1,1,1,3,3
1143,4,1,6,4,4,50,50,2,4,4,3,10
1144,3,2,6,4,3,97,2,3,5,4,7,12
1145,5,2,2,4,4,99,99,5,1,2,5,8
1146,3,2,6,4,3,6,60,4,4,5,5,13
1147,4,1,2,4,4,99,99,1,1,5,3,7
1148,5,1,3,3,3,3,2,2,1,1,3,4
1149,6,2,4,1,4,97,97,1,5,1,5,7
1150,2,1,5,4,4,99,99,5,5,5,5,15
1151,6,1,1,4,2,97,97,1,1,1,3,3
1152,4,2,8,1,2,7,1,2,4,3,3,9
1153,5,2,5,1,4,99,99,1,5,5,3,11
1154,4,1,5,3,4,9,2,5,1,1,5,7
1155,2,2,6,3,4,60,60,2,4,4,5,10
1156,2,2,6,1,3,60,60,1,5,5,5,11
1157,2,1,6,3,4,9,2,5,2,5,5,12
1158,3,1,5,3,4,5,1,2,5,5,3,12
1159,5,2,8,4,2,5,1,4,5,5,4,14
1160,5,2,6,4,2,9,60,1,5,5,4,11
1161,5,1,6,3,2,9,2,4,2,4,3,10
1162,4,1,7,3,1,5,1,2,5,2,4,9
1163,3,1,8,1,2,3,50,1,5,5,96,11
1164,6,2,4,3,3,5,1,4,5,4,3,13
1165,4,1,9,1,1,99,99,2,4,2,97,8
1166,3,2,8,4,2,3,1,5,5,5,97,15
1167,4,2,8,4,2,5,1,5,1,2,3,8
1168,4,1,8,1,1,5,1,4,4,5,96,13
1169,7,2,9,4,1,9,2,1,5,5,3,11
1170,4,1,8,2,3,99,99,1,1,5,96,7
1171,4,2,8,3,2,99,99,5,5,5,96,15
1172,4,2,7,4,1,3,1,1,5,5,10,11
1173,7,1,2,4,2,9,2,4,1,2,4,7
1174,6,1,8,4,2,9,2,4,1,1,4,6
1175,7,2,8,4,1,9,2,5,5,5,4,15
1176,6,1,6,3,2,10,50,5,5,5,3,15
1177,3,1,8,1,1,3,1,5,5,5,97,15
1178,5,2,8,1,2,10,2,5,1,5,4,11
1179,3,1,5,3,2,99,99,1,2,2,5,5
1180,5,2,8,3,2,50,50,5,5,4,5,14
1181,3,1,7,1,2,99,99,5,5,5,5,15
1182,2,2,6,1,3,5,1,4,3,3,3,10
1183,6,1,1,3,4,9,2,5,1,1,3,7
1184,4,2,3,3,1,9,2,5,1,5,3,11
1185,7,2,3,3,4,9,2,1,1,5,5,7
1186,6,1,5,3,3,99,99,5,4,5,3,14
1187,2,1,7,1,4,99,99,1,5,5,97,11
1188,3,2,7,4,3,3,1,4,5,5,4,14
1189,3,2,8,1,2,9,2,2,4,4,4,10
1190,6,2,4,3,3,9,2,5,5,4,3,14
1191,5,1,5,1,2,5,1,5,1,1,98,7
1192,6,1,5,4,4,5,1,3,5,5,3,13
1193,4,1,4,3,2,5,1,4,4,5,3,13
1194,4,1,3,3,2,9,2,1,4,1,3,6
1195,4,1,1,1,3,5,1,4,1,4,97,9
1196,6,2,2,4,3,3,2,4,5,1,5,10
1197,3,2,6,1,3,3,1,1,2,2,3,5
1198,4,2,1,3,3,5,1,1,1,4,3,6
1199,5,2,1,1,4,1,2,4,1,1,3,6
1200,3,1,6,3,3,9,2,5,1,5,5,11
1201,3,2,6,3,3,10,2,1,5,5,5,11
1202,7,2,1,4,3,5,1,1,5,2,3,8
1203,4,1,6,3,3,99,99,5,1,5,3,11
1204,5,2,8,1,3,10,50,5,4,5,4,14
1205,3,1,7,1,3,9,2,5,4,1,5,10
1206,2,1,7,4,2,3,1,5,5,4,10,14
1207,4,2,7,4,1,3,1,5,5,5,4,15
1208,6,2,8,4,4,50,50,2,5,1,97,8
1209,5,1,6,3,3,9,2,2,5,5,5,12
1210,3,1,7,3,1,7,1,5,5,4,8,14
1211,2,2,7,1,3,3,50,4,5,4,4,13
1212,3,2,7,3,3,3,1,4,5,4,97,13
1213,3,2,7,3,3,5,2,5,5,2,97,12
1214,2,2,7,4,3,50,50,5,5,5,97,15
1215,6,2,4,3,3,9,1,2,5,2,3,9
1216,4,1,9,3,2,12,1,5,5,5,3,15
1217,5,1,9,4,1,12,1,5,5,5,3,15
1218,7,1,4,4,3,99,99,1,3,5,5,9
1219,5,1,4,3,3,99,99,2,4,1,3,7
1220,2,1,6,1,2,9,2,2,5,4,5,11
1221,2,2,6,1,1,9,2,5,1,5,5,11
1222,3,1,6,3,3,99,99,2,4,5,3,11
1223,6,1,4,4,3,99,99,4,1,1,3,6
1224,2,1,6,3,3,99,99,5,5,5,3,15
1225,2,2,5,3,3,3,50,5,5,5,5,15
1226,7,1,2,4,4,99,99,5,4,4,97,13
1227,4,2,2,3,3,9,2,2,5,2,5,9
1228,5,1,6,1,1,97,97,5,5,4,3,14
1229,3,1,8,2,2,10,2,5,5,5,5,15
1230,7,1,2,4,3,98,1,2,2,1,5,5
1231,4,2,4,2,2,6,2,3,4,2,5,9
1232,4,2,2,3,3,5,1,5,5,5,4,15
1233,3,2,7,1,3,3,1,5,5,5,5,15
1234,3,1,6,1,3,4,99,4,4,5,3,13
1235,6,1,2,3,3,9,2,1,1,1,3,3
1236,4,1,6,2,3,10,2,1,2,1,3,4
1237,6,1,4,3,4,9,2,1,1,5,3,7
1238,3,1,5,4,3,5,1,1,2,2,5,5
1239,3,2,8,1,1,5,1,5,2,5,97,12
1240,2,2,5,1,3,99,1,4,5,5,5,14
1241,4,1,6,1,3,5,1,5,1,1,97,7
1242,6,1,6,3,4,5,1,5,5,5,3,15
1243,6,1,7,3,1,9,2,5,5,5,4,15
1244,6,2,2,3,4,6,2,4,4,4,5,12
1245,3,2,6,1,4,9,2,1,1,1,3,3
1246,3,2,6,1,3,5,1,2,1,2,97,5
1247,3,1,6,4,3,9,2,4,4,5,5,13
1248,4,2,6,4,4,3,2,2,4,4,97,10
1249,2,2,6,4,3,5,1,1,5,5,3,11
1250,5,1,6,3,3,9,2,5,5,5,5,15
1251,6,2,2,4,1,99,2,1,1,5,3,7
1252,7,1,3,1,2,6,2,1,5,5,3,11
1253,7,1,2,4,2,99,99,1,1,5,3,7
1254,3,1,6,1,1,9,2,5,1,5,5,11
1255,3,1,7,4,1,9,2,5,1,5,5,11
1256,4,1,3,3,1,9,2,1,1,1,5,3
1257,4,2,7,4,2,6,2,1,4,5,5,10
1258,6,2,4,3,3,97,97,5,1,5,5,11
1259,6,2,7,4,2,5,1,5,5,1,3,11
1260,5,2,6,1,4,99,99,5,2,1,5,8
1261,4,2,6,1,4,99,99,4,1,1,97,6
1262,2,1,6,1,3,99,2,2,2,1,97,5
1263,6,1,1,3,2,9,2,4,5,1,5,10
1264,2,2,6,4,3,9,2,4,5,5,5,14
1265,5,1,6,1,1,2,1,5,1,1,5,7
1266,3,1,2,4,4,99,99,5,2,5,5,12
1267,3,2,6,3,3,9,2,2,1,2,5,5
1268,5,1,6,1,1,9,2,4,5,5,5,14
1269,4,2,6,4,3,5,1,2,4,4,5,10
1270,5,1,6,4,1,3,1,1,5,2,5,8
1271,2,2,7,3,3,60,60,4,4,5,3,13
1272,3,2,6,3,4,99,99,4,5,2,5,11
1273,4,2,9,1,2,10,60,4,2,5,3,11
1274,6,2,8,4,2,9,2,4,1,5,5,10
1275,5,1,7,1,1,9,2,4,1,4,3,9
1276,6,2,5,3,3,9,2,4,5,2,3,11
1277,6,1,6,2,3,97,2,2,1,5,5,8
1278,3,1,6,4,3,9,2,5,5,5,97,15
1279,5,2,4,1,3,9,2,2,2,2,3,6
1280,2,2,7,1,3,5,1,4,2,4,3,10
1281,5,2,4,1,4,50,99,3,5,5,3,13
1282,4,1,9,1,1,9,2,2,4,5,96,11
1283,5,1,3,1,1,6,1,1,1,1,5,3
1284,4,1,7,1,2,9,2,2,2,4,3,8
1285,2,1,6,1,3,9,2,5,3,4,5,12
1286,3,2,6,4,3,99,2,2,5,3,3,10
1287,5,2,3,4,4,6,50,5,5,1,3,11
1288,3,2,6,4,4,5,1,2,4,2,3,8
1289,5,2,8,4,2,5,1,5,5,5,4,15
1290,5,1,3,1,3,9,2,1,4,1,3,6
1291,2,1,5,3,3,99,99,2,4,5,5,11
1292,4,1,4,4,3,5,1,5,5,5,3,15
1293,6,2,3,1,3,9,2,5,1,5,3,11
1294,4,2,6,1,4,99,2,1,1,1,97,3
1295,4,2,6,1,3,6,50,5,5,1,5,11
1296,4,2,5,4,4,50,50,5,5,2,5,12
1297,5,2,6,3,1,9,2,5,5,5,97,15
1298,4,1,6,1,1,9,2,1,4,2,97,7
1299,6,1,7,4,3,6,2,1,5,1,3,7
1300,5,1,1,1,1,9,2,5,2,4,97,11
1301,7,2,3,4,4,99,99,1,2,1,3,4
1302,5,1,8,1,3,1,99,4,2,1,97,7
1303,3,2,9,1,2,50,50,5,5,4,98,14
1304,4,2,8,4,2,99,99,5,5,1,5,11
1305,4,1,2,3,3,99,99,2,4,2,3,8
1306,7,1,2,3,1,98,1,5,2,1,5,8
1307,5,1,4,3,1,99,99,1,5,1,5,7
1308,4,2,6,1,4,2,50,5,1,5,5,11
1309,7,2,1,4,4,9,2,5,5,4,5,14
1310,4,1,6,4,1,9,2,5,5,2,97,12
1311,7,1,7,4,4,60,60,2,2,5,7,9
1312,4,1,7,1,1,9,2,4,4,2,5,10
1313,3,2,8,1,4,9,99,4,3,3,5,10
1314,2,1,7,4,3,9,2,5,5,5,5,15
1315,4,2,7,1,3,99,99,4,5,5,4,14
1316,4,2,2,1,2,3,1,4,2,4,97,10
1317,5,2,4,4,2,50,50,1,5,1,3,7
1318,4,1,8,1,2,6,2,4,2,5,10,11
1319,3,1,8,3,1,99,99,5,5,1,96,11
1320,3,2,6,4,1,9,2,5,4,5,10,14
1321,4,1,3,3,4,99,1,1,5,2,97,8
1322,4,1,6,3,2,5,1,2,1,1,96,4
1323,7,1,4,4,3,5,1,4,1,4,3,9
1324,5,2,6,3,4,99,99,4,5,1,3,10
1325,2,2,8,3,3,9,2,2,5,1,97,8
1326,6,2,5,3,3,99,99,2,1,4,3,7
1327,2,2,7,1,3,3,50,4,5,5,4,14
1328,5,2,6,1,3,9,2,1,1,1,3,3
1329,6,1,6,3,4,99,99,5,1,1,97,7
1330,2,1,6,3,3,50,1,1,2,5,98,8
1331,6,1,2,4,3,9,2,5,1,5,3,11
1332,5,1,7,4,1,9,2,4,1,1,3,6
1333,5,2,7,3,3,5,1,5,5,5,4,15
1334,3,2,8,3,2,9,2,1,1,5,3,7
1335,2,2,7,3,2,10,2,5,5,5,5,15
1336,5,2,4,4,4,99,60,1,1,1,3,3
1337,2,2,6,1,3,9,2,2,2,2,3,6
1338,5,1,3,1,4,6,1,5,1,1,3,7
1339,2,1,6,4,3,9,2,2,2,2,3,6
1340,6,2,2,4,3,99,99,2,2,5,3,9
1341,2,1,4,3,3,9,2,4,2,1,5,7
1342,4,1,6,1,3,9,2,4,5,4,5,13
1343,4,1,7,1,2,99,99,5,2,5,5,12
1344,4,2,7,3,1,9,2,5,5,1,5,11
1345,2,2,7,1,3,3,1,3,3,3,3,9
1346,4,2,5,3,3,9,2,2,5,5,3,12
1347,3,2,6,1,2,99,99,1,1,5,3,7
1348,3,1,8,1,3,99,99,4,4,2,97,10
1349,6,1,1,3,4,99,99,1,3,5,5,9
1350,5,2,3,3,3,9,2,2,1,1,3,4
1351,7,1,6,3,3,9,2,2,2,5,3,9
1352,5,1,4,3,1,6,2,1,1,1,3,3
1353,3,1,8,1,3,5,99,1,4,5,3,10
1354,4,1,8,3,3,99,99,1,5,1,3,7
1355,6,1,3,4,3,6,2,1,1,1,3,3
1356,3,2,8,1,4,97,97,5,1,1,5,7
1357,2,1,6,3,3,9,2,4,5,5,5,14
1358,6,2,2,4,4,5,1,1,4,1,5,6
1359,4,2,7,3,3,3,50,1,2,2,3,5
1360,3,2,4,4,4,99,99,5,5,1,3,11
1361,3,1,4,4,4,99,99,1,5,1,5,7
1362,5,2,6,4,3,9,2,1,5,1,5,7
1363,4,1,6,4,2,6,99,4,4,2,5,10
1364,3,1,6,4,4,99,99,2,5,1,3,8
1365,4,2,6,3,3,99,99,2,5,5,3,12
1366,3,2,6,1,2,50,2,5,4,1,97,10
1367,2,1,4,1,4,50,50,5,5,4,3,14
1368,3,1,6,4,3,9,2,1,5,5,5,11
1369,5,2,2,3,3,98,1,1,4,5,3,10
1370,4,2,7,3,2,10,2,5,5,5,4,15
1371,4,2,6,3,4,5,2,4,1,1,5,6
1372,5,2,1,1,4,5,1,5,5,5,3,15
1373,4,1,6,3,3,9,2,1,2,2,3,5
1374,2,2,6,1,4,99,99,2,2,5,5,9
1375,5,1,3,3,4,5,1,1,5,2,3,8
1376,5,1,3,3,4,50,50,2,4,2,3,8
1377,5,1,6,3,4,5,60,5,1,5,3,11
1378,3,1,8,1,3,99,99,4,5,5,3,14
1379,3,1,8,4,3,3,1,5,5,5,3,15
1380,6,1,6,3,2,9,2,5,5,1,5,11
1381,6,2,8,1,3,9,2,4,5,5,4,14
1382,5,2,8,1,4,50,99,2,5,2,4,9
1383,4,2,8,3,3,5,1,2,2,2,4,6
1384,2,2,7,1,4,99,99,2,4,5,97,11
1385,2,2,7,3,4,6,1,2,5,4,5,11
1386,4,1,8,1,2,9,2,4,5,5,3,14
1387,2,1,7,1,3,10,60,5,5,5,96,15
1388,5,2,7,1,3,6,2,4,2,2,3,8
1389,4,1,6,1,4,9,1,5,1,2,3,8
1390,6,1,8,4,3,50,2,1,5,1,4,7
1391,5,1,2,3,3,3,2,5,1,1,5,7
1392,4,2,3,3,4,99,99,5,5,4,5,14
1393,4,1,8,1,3,9,2,4,2,2,5,8
1394,4,1,7,4,4,6,2,2,5,5,3,12
1395,2,2,7,3,4,9,2,2,5,5,3,12
1396,3,1,6,1,3,99,99,2,5,2,7,9
1397,4,1,7,3,3,50,50,5,1,5,97,11
1398,3,1,7,1,3,9,2,5,4,2,3,11
1399,4,1,7,3,2,9,2,4,5,2,3,11
1400,4,2,7,1,4,9,2,5,1,2,3,8
1401,4,1,6,1,3,9,2,1,4,1,3,6
1402,7,1,7,3,3,6,2,2,4,2,3,8
1403,5,1,7,1,3,99,2,2,1,1,5,4
1404,4,2,6,3,4,9,2,4,2,4,3,10
1405,6,2,4,3,1,6,2,5,5,5,96,15
1406,5,2,2,3,4,98,2,5,3,1,5,9
1407,5,1,5,2,1,9,2,5,1,5,5,11
1408,6,1,2,3,4,5,1,4,5,5,3,14
1409,5,1,1,3,4,99,99,1,5,5,3,11
1410,3,1,6,2,4,99,99,5,5,5,3,15
1411,5,1,3,1,3,9,2,1,5,1,5,7
1412,2,2,6,1,3,5,2,5,5,5,5,15
1413,6,2,2,4,4,99,99,5,5,1,3,11
1414,4,1,2,1,4,7,99,2,2,1,3,5
1415,5,2,6,4,3,1,60,5,1,5,5,11
1416,5,1,5,4,1,5,1,5,5,5,3,15
1417,5,2,7,3,4,3,2,1,2,5,3,8
1418,3,2,9,3,1,3,1,5,5,5,4,15
1419,7,2,4,4,2,99,99,2,2,2,5,6
1420,6,2,1,3,3,99,99,5,5,5,4,15
1421,3,1,7,4,2,99,1,5,5,5,5,15
1422,3,1,7,3,1,9,2,5,3,5,5,13
1423,7,2,5,4,4,99,99,4,1,5,3,10
1424,3,1,6,1,4,9,2,1,1,4,5,6
1425,5,1,2,4,4,9,2,1,5,1,97,7
1426,4,2,7,1,3,9,2,5,5,1,3,11
1427,3,1,6,1,4,9,1,4,5,5,5,14
1428,5,2,8,3,3,99,99,1,1,1,96,3
1429,5,2,7,3,1,5,1,5,1,5,3,11
1430,2,1,7,1,3,3,99,4,5,5,5,14
1431,2,2,5,1,3,9,2,5,2,2,3,9
1432,7,2,5,2,3,5,1,2,4,1,5,7
1433,5,2,6,3,1,99,99,5,5,4,3,14
1434,5,1,5,1,3,9,2,5,5,5,3,15
1435,5,2,3,3,4,99,97,2,2,1,3,5
1436,2,1,7,1,3,9,2,5,1,1,3,7
1437,3,1,1,1,4,99,99,1,5,1,3,7
1438,2,1,5,3,1,99,99,5,5,5,97,15
1439,3,2,8,2,4,99,99,1,1,4,7,6
1440,3,2,8,1,2,3,1,5,5,5,3,15
1441,7,1,2,4,3,9,2,4,5,4,97,13
1442,4,2,4,3,4,9,2,2,4,4,4,10
1443,4,2,4,4,4,5,1,2,1,5,3,8
1444,5,2,6,4,4,99,99,4,5,5,7,14
1445,6,2,4,4,4,98,2,4,1,2,3,7
1446,5,1,7,3,3,9,2,2,2,2,3,6
1447,3,1,4,1,2,9,2,1,5,5,5,11
1448,5,1,6,3,4,99,99,5,5,5,3,15
1449,3,1,6,1,1,9,2,2,4,2,5,8
1450,2,2,7,1,1,3,1,5,5,5,3,15
1451,3,2,6,3,2,2,2,5,1,2,3,8
1452,5,1,7,4,4,99,99,1,1,2,4,4
1453,6,2,0,4,4,5,1,4,2,2,3,8
1454,3,1,7,4,2,5,2,4,5,4,3,13
1455,3,2,6,1,4,99,99,5,5,1,3,11
1456,3,2,6,1,3,9,2,1,2,2,5,5
1457,6,1,2,4,3,9,2,1,1,2,3,4
1458,3,1,4,1,2,99,99,5,2,2,5,9
1459,2,1,7,1,3,9,2,4,5,2,3,11
1460,5,2,1,1,4,99,99,1,1,5,3,7
1461,3,2,7,3,3,5,1,5,5,5,96,15
1462,3,1,4,1,4,5,1,1,5,5,5,11
1463,5,2,7,3,2,9,2,5,1,4,3,10
1464,3,1,5,1,4,99,99,4,4,4,3,12
1465,3,2,8,2,4,97,97,5,1,1,5,7
1466,4,1,5,3,3,9,2,5,5,5,5,15
1467,3,2,5,1,3,60,1,1,2,2,5,5
1468,4,1,8,1,3,9,2,5,1,5,3,11
1469,3,1,8,1,1,10,50,5,1,5,5,11
1470,4,1,6,3,2,9,2,1,1,5,3,7
1471,3,1,5,4,4,99,99,5,5,1,5,11
1472,4,2,3,1,4,99,99,5,5,5,5,15
1473,3,1,8,1,1,5,1,5,5,5,8,15
1474,2,1,3,3,3,99,99,5,3,3,5,11
1475,3,1,6,1,2,99,99,2,1,5,3,8
1476,3,2,6,1,2,9,2,4,4,2,5,10
1477,4,1,6,3,2,9,2,2,1,5,5,8
1478,5,1,8,2,2,9,2,5,2,5,4,12
1479,6,1,4,1,4,5,99,1,2,5,3,8
1480,6,2,3,1,3,9,1,5,5,4,3,14
1481,6,2,2,4,1,5,50,5,2,2,3,9
1482,6,2,6,1,2,9,2,5,5,5,3,15
1483,2,2,7,1,3,99,99,5,5,2,3,12
1484,4,2,6,3,2,99,99,1,5,1,3,7
1485,2,2,6,1,3,99,99,5,1,2,5,8
1486,7,2,1,4,4,99,99,5,5,1,5,11
1487,5,2,6,1,1,9,2,4,4,5,3,13
1488,7,1,8,4,2,3,2,5,5,5,3,15
1489,2,2,4,1,4,99,99,5,2,5,96,12
1490,4,1,2,1,3,99,99,2,3,3,3,8
1491,4,1,5,3,3,99,99,2,1,2,5,5
1492,3,2,5,1,3,99,99,4,5,5,3,14
1493,6,1,2,4,3,9,2,5,5,1,5,11
1494,6,2,2,3,4,9,2,4,2,2,5,8
1495,4,2,6,1,3,9,2,4,5,5,5,14
1496,3,2,7,4,4,9,2,1,1,1,5,3
1497,6,2,1,4,2,99,98,4,4,4,5,12
1498,4,2,7,4,3,99,99,4,5,5,5,14
1499,6,1,3,4,3,9,2,4,2,2,3,8
1500,6,2,6,4,3,9,2,2,2,2,3,6
1501,3,1,7,1,1,9,2,1,1,1,5,3
1502,4,1,9,3,2,10,2,2,5,4,5,11
1503,3,1,7,1,3,9,2,4,4,5,5,13
1504,7,1,6,4,3,9,2,3,3,3,3,9
1505,4,1,8,1,2,9,2,5,1,1,5,7
1506,5,2,5,1,3,2,2,4,5,3,3,12
1507,2,1,6,1,3,99,99,4,5,4,3,13
1508,3,1,6,1,1,9,2,1,1,1,5,3
1509,5,1,3,2,4,5,1,5,4,1,3,10
1510,4,2,6,3,3,9,2,1,1,5,7,7
1511,3,2,3,3,3,9,1,4,4,2,5,10
1512,2,2,7,3,3,99,1,1,5,4,3,10
1513,3,1,8,1,3,9,2,5,2,1,5,8
1514,7,1,1,4,1,9,2,5,1,2,3,8
1515,6,1,1,4,3,5,1,4,4,4,5,12
1516,4,1,1,3,3,99,99,1,4,1,1,6
1517,4,2,7,1,3,9,2,5,1,5,5,11
1518,6,2,8,1,4,99,99,5,5,3,3,13
1519,3,1,7,1,3,99,99,4,4,1,5,9
1520,5,2,3,4,3,9,2,3,1,1,3,5
1521,4,2,8,1,3,99,99,4,4,4,97,12
1522,2,1,6,3,3,9,2,5,5,4,97,14
1523,5,1,3,3,3,9,2,1,1,1,3,3
1524,5,2,2,4,4,99,99,5,5,5,5,15
1525,6,1,7,1,1,9,2,1,5,3,97,9
1526,4,1,9,4,3,99,99,5,4,5,5,14
1527,2,2,7,1,3,5,1,5,1,2,10,8
1528,6,1,6,4,2,10,50,5,5,2,97,12
1529,5,1,7,4,4,99,99,1,5,5,5,11
1530,7,2,7,4,4,99,99,5,5,1,3,11
1531,4,1,3,4,4,9,99,5,5,5,3,15
1532,3,1,6,1,3,99,99,4,2,2,3,8
1533,4,2,3,1,4,99,99,5,5,5,4,15
1534,2,2,8,4,3,8,1,3,3,2,10,8
1535,5,1,2,1,3,9,2,5,1,1,3,7
1536,4,1,8,1,2,9,2,5,2,1,96,8
1537,2,1,7,4,2,3,1,5,3,5,4,13
1538,3,2,3,2,4,99,99,2,1,1,5,4
1539,4,1,3,1,3,9,2,1,1,5,3,7
1540,5,1,8,1,3,9,2,5,3,5,97,13
1541,7,1,2,4,3,99,99,1,5,5,5,11
1542,2,1,6,3,3,9,2,5,5,5,5,15
1543,4,2,7,4,3,5,1,5,1,2,5,8
1544,3,1,3,2,1,9,2,5,4,5,5,14
1545,4,2,6,2,3,99,99,5,3,3,5,11
1546,3,1,4,3,3,99,99,5,5,5,3,15
1547,4,1,7,2,3,97,97,5,1,4,5,10
1548,4,1,3,1,4,99,2,5,4,1,5,10
1549,7,1,0,4,3,5,1,5,5,5,3,15
1550,3,1,7,1,4,5,1,5,4,5,3,14
1551,6,1,8,1,4,99,99,5,5,1,97,11
1552,4,2,0,3,3,5,1,1,1,1,3,3
1553,1,1,4,4,3,99,99,1,1,2,97,4
1554,3,2,6,3,1,9,2,5,5,1,3,11
1555,2,1,1,3,2,10,50,5,5,5,3,15
1556,7,2,1,4,3,9,2,5,2,4,3,11
1557,4,1,1,3,1,9,2,1,4,1,3,6
1558,6,2,4,1,1,9,2,3,1,1,3,5
1559,7,1,0,4,3,9,2,1,1,2,3,4
1560,3,2,6,1,4,10,50,5,2,3,3,10
1561,5,2,3,4,2,8,2,5,4,1,5,10
1562,4,2,9,4,3,9,2,2,3,4,3,9
1563,1,2,6,1,3,5,1,3,4,4,3,11
1564,6,1,1,3,4,9,2,2,5,4,9,11
1565,3,1,6,2,2,9,2,5,1,5,3,11
1566,5,1,4,3,2,9,2,5,1,4,5,10
1567,5,1,8,4,1,9,2,3,1,2,5,6
1568,2,1,7,4,1,99,99,3,2,5,97,10
1569,7,2,1,4,1,9,1,1,1,1,5,3
1570,4,1,4,4,2,9,2,1,1,2,3,4
1571,4,1,4,3,1,9,2,1,3,5,3,9
1572,4,2,7,3,4,50,50,1,4,5,97,10
1573,3,2,8,1,3,50,50,2,1,3,3,6
1574,2,2,6,4,3,99,99,2,5,2,3,9
1575,3,1,5,1,3,3,1,5,2,2,3,9
1576,6,2,2,3,4,9,2,4,2,4,5,10
1577,2,2,6,4,2,9,2,5,5,1,3,11
1578,2,1,1,3,3,9,2,5,4,1,3,10
1579,7,2,3,4,3,9,2,2,2,5,5,9
1580,5,1,4,3,2,9,2,5,2,4,3,11
1581,4,2,7,1,2,9,2,5,2,5,5,12
1582,3,2,6,1,3,5,2,3,3,3,3,9
1583,4,1,6,2,2,9,97,5,4,5,3,14
1584,3,1,6,3,1,2,2,5,5,5,5,15
1585,2,1,7,1,1,10,2,5,5,5,3,15
1586,5,2,1,4,3,9,2,1,5,2,5,8
1587,5,1,6,3,2,9,2,1,4,2,97,7
1588,4,1,6,1,3,9,2,3,1,4,3,8
1589,5,1,1,2,3,9,2,1,4,5,5,10
1590,3,1,7,1,2,9,2,4,4,4,5,12
1591,6,2,6,2,3,9,2,5,5,1,3,11
1592,3,1,8,1,2,14,2,5,4,5,3,14
1593,4,2,7,4,3,6,2,1,3,2,3,6
1594,2,1,7,1,3,97,97,1,3,1,5,5
1595,5,2,6,4,4,5,1,1,5,4,3,10
1596,6,2,3,4,1,5,1,5,5,3,3,13
1597,2,1,7,4,1,3,1,5,5,4,3,14
1598,5,1,2,3,3,9,2,2,2,2,5,6
1599,2,2,3,4,3,5,99,1,1,1,5,3
1600,3,1,4,3,4,99,99,1,1,1,3,3
1601,7,1,6,4,3,9,2,1,1,5,3,7
1602,5,2,6,1,2,9,2,5,4,4,5,13
1603,3,2,5,1,4,99,1,1,1,1,3,3
1604,3,1,6,1,4,99,2,5,1,1,3,7
1605,4,2,6,1,3,2,2,5,2,4,5,11
1606,5,1,6,3,3,9,2,1,1,4,3,6
1607,4,2,4,1,4,9,2,1,4,5,3,10
1608,2,2,4,1,3,5,1,1,1,1,3,3
1609,5,1,6,1,2,99,99,1,5,5,3,11
1610,3,1,6,1,3,9,2,1,5,2,3,8
1611,6,1,2,3,2,9,2,1,1,1,5,3
1612,2,1,4,3,4,5,99,1,1,1,97,3
1613,5,2,7,4,2,99,99,4,2,1,3,7
1614,4,1,7,4,2,9,2,1,5,1,3,7
1615,3,1,6,1,3,1,2,1,5,2,3,8
1616,6,2,9,3,4,9,2,5,1,3,10,9
1617,7,1,2,3,3,99,99,1,5,5,3,11
1618,3,2,7,4,2,3,2,5,4,5,4,14
1619,7,2,1,4,3,99,2,1,1,1,3,3
1620,2,1,7,1,3,5,1,2,4,4,3,10
1621,5,1,6,3,3,99,99,5,4,5,3,14
1622,5,2,7,1,4,98,1,1,2,5,97,8
1623,6,1,3,4,4,5,1,5,4,5,3,14
1624,6,2,4,4,3,9,2,2,5,1,4,8
1625,7,1,1,4,2,5,1,1,2,1,3,4
1626,5,1,7,1,1,5,1,1,2,2,2,5
1627,6,2,6,4,3,9,2,3,1,2,3,6
1628,4,2,4,4,3,5,1,2,4,2,5,8
1629,3,2,8,1,1,12,60,5,2,2,97,9
1630,4,1,8,4,2,3,1,2,2,2,3,6
1631,2,1,6,4,3,5,1,2,2,2,3,6
1632,4,2,7,4,1,7,2,5,5,4,97,14
1633,3,2,6,1,1,9,2,2,4,4,10,10
1634,5,2,1,3,4,98,1,5,1,5,5,11
1635,2,2,7,1,2,3,1,4,5,5,97,14
1636,4,1,8,3,3,2,50,4,5,4,3,13
1637,4,2,7,1,2,3,1,5,2,5,97,12
1638,7,1,1,4,1,10,2,4,4,1,3,9
1639,2,1,3,3,4,9,2,3,4,3,3,10
1640,3,1,6,1,3,99,99,4,5,4,3,13
1641,5,1,1,1,3,9,2,5,5,5,3,15
1642,5,2,2,4,4,9,2,4,5,4,3,13
1643,6,2,2,1,3,5,1,5,2,5,3,12
1644,2,1,6,3,2,99,2,2,5,2,96,9
1645,4,2,1,4,3,5,1,5,5,5,3,15
1646,3,2,3,4,3,5,2,2,4,2,5,8
1647,2,1,6,4,3,9,2,1,5,5,7,11
1648,5,2,1,3,4,99,1,4,5,5,3,14
1649,5,1,1,4,4,8,60,5,4,4,2,13
1650,3,1,6,3,3,99,99,5,5,5,3,15
1651,4,2,6,4,3,9,2,3,1,5,3,9
1652,5,2,2,4,3,9,2,4,5,5,4,14
1653,3,1,7,4,2,10,50,1,2,5,96,8
1654,7,2,2,4,4,99,99,5,5,4,3,14
1655,7,1,1,4,2,9,2,1,1,5,3,7
1656,5,1,6,3,3,8,99,5,1,5,4,11
1657,2,2,4,1,4,5,1,2,2,2,3,6
1658,6,1,2,1,3,98,98,5,5,5,3,15
1659,6,1,2,3,3,60,2,1,2,2,5,5
1660,3,1,6,4,1,9,2,1,1,2,3,4
1661,4,1,3,4,3,5,1,4,5,1,3,10
1662,4,2,2,3,3,9,2,5,1,1,10,7
1663,3,1,7,1,2,3,1,4,4,5,3,13
1664,6,1,3,4,1,1,2,5,5,5,3,15
1665,4,1,6,3,1,5,1,5,5,2,5,12
1666,6,2,5,1,3,6,2,5,4,1,4,10
1667,3,2,6,1,3,60,1,4,2,4,10,10
1668,2,2,4,4,3,10,2,4,4,3,3,11
1669,4,2,2,4,4,12,1,2,2,2,3,6
1670,7,2,8,4,3,3,50,5,5,5,3,15
1671,6,2,6,4,2,99,2,1,3,1,3,5
1672,3,2,3,3,4,6,1,4,4,5,5,13
1673,6,1,6,3,3,9,2,5,5,4,3,14
1674,5,2,7,1,4,9,2,5,1,2,4,8
1675,4,2,2,1,3,5,1,4,4,2,3,10
1676,7,2,6,2,3,9,2,3,4,4,5,11
1677,7,1,2,4,1,99,2,2,2,2,3,6
1678,6,1,2,4,3,5,1,5,1,2,3,8
1679,7,1,2,4,4,9,2,2,1,4,3,7
1680,5,1,6,3,3,5,1,2,2,2,3,6
1681,6,1,2,2,1,9,2,5,5,1,3,11
1682,3,1,6,1,1,8,2,5,5,3,5,13
1683,4,2,7,1,2,3,1,5,5,2,3,12
1684,4,2,3,4,3,2,50,5,5,5,5,15
1685,5,1,1,3,4,5,1,5,5,5,97,15
1686,5,1,6,3,1,9,2,5,5,5,5,15
1687,3,1,7,4,2,2,2,5,5,4,5,14
1688,4,1,8,4,3,6,2,4,2,2,3,8
1689,2,1,7,1,2,9,2,4,4,5,3,13
1690,5,2,7,1,3,5,2,4,4,5,3,13
1691,6,1,1,3,3,5,1,5,1,4,3,10
1692,4,2,6,4,3,7,2,5,4,4,3,13
1693,2,1,6,4,3,99,99,5,4,5,3,14
1694,2,2,7,3,4,3,1,5,5,2,3,12
1695,6,1,8,2,1,5,1,5,5,2,3,12
1696,7,2,1,4,3,9,2,5,1,2,3,8
1697,3,1,5,1,2,9,2,4,4,2,3,10
1698,3,1,5,1,3,5,1,5,4,4,3,13
1699,4,1,6,3,2,9,2,5,5,2,5,12
1700,3,2,7,4,1,5,1,5,5,5,3,15
1701,2,1,6,4,3,9,2,2,4,4,3,10
1702,2,2,7,4,2,1,1,5,2,5,3,12
1703,3,2,6,3,2,9,2,5,2,5,5,12
1704,4,2,6,1,4,3,60,5,5,1,5,11
1705,7,1,2,4,2,9,2,5,5,5,3,15
1706,5,2,4,3,3,5,1,2,5,5,5,12
1707,6,2,6,4,2,9,2,5,1,2,3,8
1708,6,1,4,4,2,5,1,5,5,4,3,14
1709,6,1,2,3,4,9,2,4,5,1,3,10
1710,4,1,6,3,1,9,2,2,1,1,4,4
1711,3,1,4,3,3,9,2,4,5,5,5,14
1712,5,1,2,4,2,9,2,1,5,1,3,7
1713,3,2,6,4,4,9,2,1,5,5,5,11
1714,2,1,6,3,3,3,2,2,1,1,3,4
1715,5,2,7,1,2,99,99,1,5,5,3,11
1716,3,2,6,1,1,9,2,5,5,5,5,15
1717,5,2,5,4,3,60,50,4,1,1,5,6
1718,3,1,7,4,4,99,99,4,4,4,3,12
1719,2,2,4,4,3,9,2,2,1,2,3,5
1720,7,2,3,4,1,9,2,4,5,1,3,10
1721,2,2,6,1,3,9,2,1,1,2,3,4
1722,6,1,2,4,3,9,2,4,4,2,3,10
1723,5,1,3,2,2,99,99,5,5,4,5,14
1724,6,1,6,2,1,5,1,5,5,1,3,11
1725,6,2,2,4,1,3,1,5,1,5,5,11
1726,5,2,6,1,3,5,2,5,4,5,10,14
1727,2,1,6,1,2,9,2,4,1,5,7,10
1728,3,2,4,4,3,5,1,5,2,2,3,9
1729,4,1,6,1,3,7,2,1,1,1,3,3
1730,6,2,1,1,3,5,1,1,5,5,5,11
1731,7,2,4,4,3,5,1,5,5,1,5,11
1732,5,2,4,1,4,5,1,1,5,1,3,7
1733,3,1,6,1,4,2,2,5,5,1,5,11
1734,3,1,6,1,3,5,99,5,1,1,3,7
1735,6,2,6,2,3,10,1,5,5,5,3,15
1736,6,1,6,1,3,9,2,5,5,1,3,11
1737,2,1,1,3,3,99,99,4,5,5,5,14
1738,3,2,5,1,3,9,2,5,5,5,3,15
1739,5,1,2,1,3,9,2,5,1,1,5,7
1740,3,1,7,1,4,50,2,5,5,5,3,15
1741,3,2,5,3,3,5,1,5,5,5,5,15
1742,3,1,6,1,2,9,2,1,2,4,3,7
1743,5,2,5,1,2,5,1,5,5,5,5,15
1744,4,2,8,1,3,9,2,3,2,4,3,9
1745,5,2,4,3,2,5,1,4,5,5,3,14
1746,6,1,2,3,4,9,2,5,4,5,3,14
1747,7,1,2,4,4,7,1,1,5,3,5,9
1748,2,1,3,3,4,99,1,2,1,2,5,5
1749,3,2,4,3,3,5,2,2,5,5,3,12
1750,3,1,4,3,3,99,99,2,4,2,5,8
1751,3,1,8,1,1,3,1,5,5,5,3,15
1752,5,1,2,1,4,5,1,2,5,5,5,12
1753,4,1,5,4,3,5,1,2,5,2,3,9
1754,7,2,8,4,1,6,60,5,5,4,3,14
1755,5,2,3,3,3,99,99,5,1,1,5,7
1756,4,1,6,1,4,99,99,5,5,5,97,15
1757,4,1,3,3,3,99,99,4,2,2,3,8
1758,6,1,2,3,4,5,1,5,3,3,3,11
1759,3,1,6,1,1,9,2,5,1,5,5,11
1760,5,2,8,1,3,7,99,5,5,5,10,15
1761,2,2,5,4,3,99,99,5,5,5,5,15
1762,3,2,7,2,1,9,2,1,1,1,5,3
1763,6,2,1,4,1,9,2,4,4,4,5,12
1764,2,2,4,4,2,5,1,4,1,4,3,9
1765,3,2,6,1,4,99,99,5,5,5,3,15
1766,4,1,4,1,4,99,99,1,1,1,5,3
1767,6,1,5,4,4,50,50,4,1,2,3,7
1768,4,1,4,3,4,99,99,2,4,5,3,11
1769,5,2,8,1,1,8,1,5,5,5,3,15
1770,2,2,6,4,3,3,1,5,2,4,5,11
1771,2,1,8,4,3,3,1,4,5,2,96,11
1772,4,1,6,3,2,9,2,4,1,5,5,10
1773,6,1,2,4,4,9,2,2,2,2,3,6
1774,6,2,2,1,1,9,2,5,1,5,3,11
1775,2,2,4,4,3,9,2,5,1,5,3,11
1776,4,2,8,3,4,50,50,1,1,1,4,3
1777,2,2,6,4,4,3,1,4,5,5,4,14
1778,3,1,8,1,4,2,50,4,4,5,4,13
1779,3,1,4,3,4,99,99,5,5,5,3,15
1780,6,1,2,4,3,99,99,2,2,1,5,5
1781,4,2,8,1,3,9,2,1,5,3,5,9
1782,3,2,6,1,2,9,2,2,5,5,5,12
1783,3,1,8,1,1,99,99,4,2,4,3,10
1784,5,1,3,4,1,9,2,4,4,5,3,13
1785,5,2,3,1,4,97,97,1,5,5,3,11
1786,5,1,6,3,1,9,2,5,1,5,5,11
1787,5,2,2,3,4,9,2,2,4,2,3,8
1788,6,2,2,4,4,99,99,4,2,2,3,8
1789,2,1,6,4,3,99,99,2,4,4,97,10
1790,7,2,2,4,3,99,99,2,1,1,3,4
1791,4,1,7,3,4,99,99,5,5,5,5,15
1792,5,2,4,3,3,9,2,1,5,5,5,11
1793,6,1,2,3,4,9,2,1,5,1,3,7
1794,4,1,6,1,2,9,2,2,2,1,96,5
1795,5,2,6,4,2,6,1,3,5,5,3,13
1796,2,2,6,1,2,99,99,4,5,5,3,14
1797,3,1,6,1,1,60,2,4,5,4,3,13
1798,7,1,1,4,4,99,99,5,5,2,3,12
1799,3,1,6,1,4,99,99,2,5,5,3,12
1800,2,2,9,4,2,3,99,5,5,5,3,15
1801,7,1,8,2,3,9,2,1,1,5,97,7
1802,3,2,8,1,1,9,2,4,5,4,3,13
1803,2,1,7,4,2,9,2,5,5,4,3,14
1804,5,1,2,4,1,9,2,4,5,1,3,10
1805,1,2,5,3,3,5,1,4,5,5,3,14
1806,4,1,2,3,3,50,50,2,3,3,7,8
1807,5,1,2,1,3,50,1,4,5,1,3,10
1808,2,1,6,2,3,9,2,2,2,2,3,6
1809,5,2,5,3,1,9,2,1,5,1,3,7
1810,3,2,9,1,2,5,1,5,5,5,3,15
1811,6,2,2,4,4,9,2,1,1,5,3,7
1812,6,1,8,4,1,5,1,5,4,5,5,14
1813,7,1,1,3,4,9,2,4,4,2,3,10
1814,5,2,4,1,4,50,2,1,2,5,3,8
1815,3,1,6,1,2,9,2,4,4,2,5,10
1816,7,2,8,1,1,9,2,4,4,5,3,13
1817,4,1,1,1,1,9,2,5,1,5,3,11
1818,2,2,8,4,4,5,1,1,1,2,5,4
1819,4,2,8,3,3,5,99,5,2,1,3,8
1820,7,2,7,1,3,3,2,4,4,2,3,10
1821,4,1,6,3,3,9,2,5,4,1,3,10
1822,2,1,7,4,2,3,1,4,5,5,3,14
1823,3,2,6,1,2,5,1,5,5,2,5,12
1824,4,1,6,3,3,7,1,1,4,2,3,7
1825,4,2,6,4,3,1,2,1,1,1,3,3
1826,5,1,8,1,4,99,99,5,3,3,3,11
1827,4,1,7,3,1,9,2,4,1,5,3,10
1828,3,2,4,4,4,5,2,3,1,2,5,6
1829,4,1,6,4,2,9,2,2,2,5,5,9
1830,2,2,7,4,3,9,60,5,5,5,5,15
1831,5,2,6,1,2,9,2,2,4,1,5,7
1832,3,2,6,4,3,9,2,1,1,1,3,3
1833,5,1,6,3,2,5,1,4,1,5,3,10
1834,4,2,6,4,3,3,50,5,3,4,5,12
1835,6,2,2,1,3,9,2,5,4,1,3,10
1836,6,2,3,3,2,9,2,5,5,5,5,15
1837,3,1,8,1,4,9,2,5,5,5,3,15
1838,4,1,2,2,4,3,60,4,1,4,3,9
1839,4,2,1,3,3,9,2,5,2,1,3,8
1840,2,2,6,4,3,9,2,2,2,1,5,5
1841,2,1,6,3,4,97,97,1,5,5,5,11
1842,3,2,8,1,3,5,1,4,5,4,4,13
1843,6,1,8,4,3,9,2,5,1,5,3,11
1844,2,1,6,4,1,99,99,5,3,1,5,9
1845,5,2,5,4,4,60,2,5,1,5,97,11
1846,7,1,1,4,1,9,2,2,1,2,97,5
1847,4,2,8,3,3,9,2,2,2,5,3,9
1848,3,1,7,3,3,9,2,2,2,2,5,6
1849,3,2,4,1,1,5,1,5,5,5,4,15
1850,4,1,3,3,3,9,2,4,5,1,5,10
1851,3,1,6,3,4,99,99,1,2,4,3,7
1852,2,1,6,4,4,97,97,2,2,1,5,5
1853,5,1,3,1,4,6,2,2,2,5,3,9
1854,2,2,7,4,4,99,99,3,3,3,5,9
1855,3,1,6,1,3,99,99,5,4,5,3,14
1856,3,2,6,4,4,99,99,2,2,4,3,8
1857,2,2,6,1,4,99,99,3,5,3,5,11
1858,5,2,3,4,4,99,99,2,2,1,5,5
1859,2,1,6,4,4,99,99,2,2,4,5,8
1860,4,1,6,4,4,99,99,4,4,5,3,13
1861,4,2,8,1,4,8,50,3,3,4,3,10
1862,6,2,6,4,4,9,2,1,1,2,3,4
1863,6,1,1,4,4,99,99,4,2,2,97,8
1864,5,2,1,1,4,99,99,4,2,3,5,9
1865,4,2,1,1,4,99,99,2,1,2,97,5
1866,5,1,6,3,3,99,99,4,3,2,96,9
1867,5,1,2,1,4,9,2,3,2,2,5,7
1868,2,2,6,4,4,9,2,2,2,2,3,6
1869,3,1,6,4,4,9,2,2,1,2,4,5
1870,4,1,2,3,4,99,99,2,2,1,3,5
1871,3,2,6,1,4,9,2,3,4,4,5,11
1872,4,2,4,3,4,99,99,5,2,1,3,8
1873,3,1,6,3,3,9,2,4,5,4,5,13
1874,2,1,7,3,1,9,2,5,5,2,5,12
1875,7,2,7,4,1,9,2,1,2,1,4,4
1876,3,1,8,1,4,3,2,4,4,1,5,9
1877,2,1,6,4,3,9,2,4,5,5,3,14
1878,5,1,2,1,4,9,2,1,2,2,3,5
1879,4,1,6,1,3,9,2,5,2,4,96,11
1880,3,1,6,4,2,9,2,4,2,2,5,8
1881,1,2,5,4,4,99,99,5,1,2,3,8
1882,3,1,6,1,3,9,2,5,1,1,3,7
1883,4,2,8,3,4,99,60,5,5,5,97,15
1884,3,2,6,4,1,5,1,5,5,5,97,15
1885,2,2,4,4,4,99,99,1,5,4,5,10
1886,4,1,2,1,2,99,99,4,5,2,96,11
1887,3,1,4,3,1,9,2,1,5,2,5,8
1888,3,2,6,1,1,1,50,4,5,4,97,13
1889,2,2,7,4,3,9,2,5,5,4,5,14
1890,4,1,6,3,3,9,2,4,4,2,3,10
1891,4,2,7,1,2,97,99,2,2,1,5,5
1892,6,2,6,1,3,9,2,1,1,2,3,4
1893,5,2,2,4,2,9,2,2,1,4,3,7
1894,2,2,6,1,3,50,99,2,4,2,7,8
1895,5,1,8,3,1,99,99,4,1,5,3,10
1896,7,1,2,3,4,50,50,5,2,1,97,8
1897,2,1,6,4,2,12,50,2,4,3,7,9
1898,3,2,8,3,3,3,60,2,1,2,3,5
1899,4,1,0,1,4,99,99,1,5,5,99,11
1900,4,1,8,1,4,99,99,1,1,2,5,4
1901,4,2,2,4,1,5,1,5,4,1,5,10
1902,5,2,3,1,4,9,2,5,1,5,5,11
1903,2,2,4,1,1,9,2,1,1,4,5,6
1904,1,2,4,4,4,99,99,1,5,5,5,11
1905,5,2,6,4,3,5,1,1,5,5,5,11
1906,5,1,3,4,3,9,2,1,5,5,3,11
1907,3,2,5,4,3,5,99,3,5,1,3,9
1908,4,2,6,4,4,9,2,1,5,5,5,11
1909,6,2,8,1,1,9,2,1,5,1,3,7
1910,6,1,1,4,3,5,1,2,2,2,5,6
1911,5,1,3,3,4,9,2,4,5,5,3,14
1912,6,2,4,1,3,50,60,4,4,5,5,13
1913,4,1,7,4,2,9,2,2,1,1,3,4
1914,3,1,6,3,3,9,2,1,3,3,3,7
1915,2,1,6,1,4,9,2,4,5,5,5,14
1916,5,2,8,4,1,3,1,4,4,4,3,12
1917,4,2,5,3,4,99,99,2,1,1,4,4
1918,2,2,6,4,3,6,50,2,5,5,97,12
1919,7,2,2,4,4,99,99,3,5,5,5,13
1920,3,2,7,3,3,5,1,2,1,2,3,5
1921,4,1,1,1,3,97,97,3,1,1,3,5
1922,5,2,6,4,2,9,2,4,1,1,5,6
1923,5,1,8,1,4,3,60,5,5,4,3,14
1924,4,1,3,3,4,5,1,1,5,5,98,11
1925,5,1,6,4,4,9,99,1,1,1,98,3
1926,6,1,1,1,4,5,1,2,3,5,5,10
1927,3,1,8,1,3,9,2,3,1,4,5,8
1928,4,1,7,4,4,5,1,5,5,5,5,15
1929,3,2,8,4,4,1,99,5,4,5,5,14
1930,4,2,6,4,3,9,2,3,4,5,5,12
1931,2,2,8,3,3,5,1,2,1,5,5,8
1932,4,2,7,1,3,5,1,4,4,4,96,12
1933,6,2,3,4,3,5,1,4,4,5,3,13
1934,5,2,7,1,3,6,50,2,3,4,97,9
1935,2,1,7,1,3,5,1,5,2,2,5,9
1936,7,2,8,4,3,5,1,2,1,1,5,4
1937,3,2,4,4,3,6,2,2,2,2,3,6
1938,1,1,3,3,4,6,1,5,4,4,97,13
1939,7,1,2,4,2,9,2,5,3,4,5,12
1940,4,2,4,4,2,9,2,1,2,2,3,5
1941,6,1,2,1,3,99,99,3,4,4,5,11
1942,2,1,6,1,3,5,50,4,4,5,3,13
1943,3,1,7,1,2,9,2,1,4,2,5,7
1944,2,2,7,4,2,5,1,5,5,5,3,15
1945,5,2,6,4,2,99,99,5,5,2,3,12
1946,4,1,2,3,2,99,99,5,1,1,3,7
1947,7,2,1,4,3,5,1,5,2,4,3,11
1948,5,1,6,3,3,9,2,1,3,3,4,7
1949,3,2,7,3,4,9,2,5,1,5,5,11
1950,5,1,5,3,3,99,1,1,5,1,96,7
1951,4,1,3,1,4,5,1,1,5,2,5,8
1952,3,2,7,4,4,9,2,2,5,5,5,12
1953,3,1,7,1,1,9,2,4,1,5,97,10
1954,3,2,7,4,4,9,2,5,1,5,3,11
1955,4,1,7,2,4,99,99,2,2,5,97,9
1956,3,1,6,1,2,9,2,5,4,5,5,14
1957,3,2,6,4,4,5,1,2,1,5,5,8
1958,4,1,4,3,4,3,1,5,2,5,3,12
1959,3,1,5,1,3,97,99,5,1,5,97,11
1960,4,1,7,1,3,99,99,3,5,5,4,13
1961,7,1,2,3,3,5,1,1,2,1,97,4
1962,5,2,7,3,3,9,2,2,4,4,3,10
1963,7,1,1,3,4,99,2,1,1,2,3,4
1964,2,1,8,1,4,9,2,5,4,3,3,12
1965,6,1,0,4,1,9,2,5,1,1,5,7
1966,4,1,2,4,4,5,1,1,1,2,97,4
1967,2,2,7,4,3,99,2,5,5,5,5,15
1968,5,2,2,1,3,99,99,2,5,4,5,11
1969,2,2,7,1,1,99,99,1,5,1,3,7
1970,6,2,3,2,1,9,2,3,5,2,5,10
1971,2,1,4,4,4,5,99,2,1,1,5,4
1972,4,1,2,1,3,99,99,1,1,1,5,3
